Split Number,mean_squared_error,mean_absolute_error,mean_absolute_percentage_error
0,1.2827038255541624e-06,0.000621854176858149,1.3059960664470441e-05
1,1.3466537167019315e-06,0.0006263794815152227,1.2956212100408227e-05
2,1.347513140655963e-06,0.0006295998269436498,1.2952659638273341e-05
3,1.3241714273251096e-06,0.0006264520332731285,1.2910420729212073e-05
4,1.321053684224351e-06,0.0006226802201507374,1.3068042018564571e-05
5,1.3271553398104361e-06,0.0006236249686190178,1.287276714788639e-05
6,1.299399845372387e-06,0.000623772479592948,1.3153789513763183e-05
7,1.2966962108803237e-06,0.0006229962102485203,1.3058217726841852e-05
8,1.316442895504202e-06,0.0006247243402004228,1.3020186439785387e-05
9,1.3516454058354108e-06,0.0006152184132243135,1.2655242121942948e-05
10,1.312084144327287e-06,0.0006204153725577518,1.3003017745690765e-05
11,1.3348741747298568e-06,0.0006248893678802551,1.2921385625096726e-05
12,1.3763380560188736e-06,0.0006317630939120054,1.2951377233057702e-05
13,1.2928651920765776e-06,0.0006148594665511305,1.274761468842248e-05
14,1.3066834351132221e-06,0.0006185646050222323,1.302933677243513e-05
15,1.3299244990283673e-06,0.0006243967578749712,1.2986481017960197e-05
16,1.3353387961502082e-06,0.0006256059837993331,1.2945721810249696e-05
17,1.3248056707216304e-06,0.0006158937513400373,1.2813144334832762e-05
18,1.3260900015743518e-06,0.0006241144728530574,1.3068582543065917e-05
19,1.2930421703504199e-06,0.000620280713755006,1.300139944480264e-05
20,1.2818942848525806e-06,0.000613472679428686,1.2781519361799049e-05
21,1.2890788472758262e-06,0.0006163017078558794,1.3004324104328563e-05
22,1.3353444569777137e-06,0.0006196840262215315,1.2959493474813894e-05
23,1.3911065988422433e-06,0.0006335516068434555,1.2880771071447591e-05
24,1.3229448479341505e-06,0.0006187873274082123,1.2909419210265354e-05
25,1.3149945380929947e-06,0.0006254677972921572,1.3048903057435864e-05
26,1.337827706243097e-06,0.0006211131722276658,1.3040013019555671e-05
27,1.2824884572502804e-06,0.0006160396568021683,1.3007607191624214e-05
28,1.3463402240285443e-06,0.0006256984189507468,1.281130544956283e-05
29,1.3123279860366985e-06,0.0006143985382012264,1.2550871927813762e-05
30,1.3296362044891636e-06,0.0006220031476325744,1.2799962020891641e-05
31,1.3352513678746761e-06,0.0006212712662547146,1.2686752197255671e-05
32,1.3249372402601916e-06,0.0006139679145268862,1.26472311770553e-05
33,1.330605798195429e-06,0.0006240630547515196,1.2869313505776456e-05
34,1.3607104276348925e-06,0.0006273081816045509,1.2837268049301093e-05
35,1.3634675012784095e-06,0.000627458115477906,1.2783510620522947e-05
36,1.3267389616772299e-06,0.0006244859003312312,1.3046064572904371e-05
37,1.3321119801304483e-06,0.0006263593101306711,1.2872748936572754e-05
38,1.2657142520907988e-06,0.000617682035057865,1.2970003241653266e-05
39,1.3418453817520075e-06,0.0006217575745546115,1.2841519616937812e-05
40,1.2775427793487556e-06,0.0006135363396425805,1.3078517846419953e-05
41,1.336067684005462e-06,0.000626766800105892,1.275942733087979e-05
42,1.3317070394892165e-06,0.0006245997565013905,1.278335758193093e-05
43,1.2862125787150923e-06,0.0006204795935209148,1.2930967342634807e-05
44,1.3537993049381255e-06,0.0006258060713450629,1.2885593970866496e-05
45,1.2820815092676907e-06,0.0006163544320812042,1.289891006478518e-05
46,1.346376140902894e-06,0.0006261887078337539,1.3075625202734746e-05
47,1.3270284895297141e-06,0.0006209728331734399,1.3025140182665965e-05
48,1.375807757105043e-06,0.0006305078269400227,1.3014363678607551e-05
49,1.2938661160359804e-06,0.0006259146605722826,1.3209831369697055e-05
50,1.3191966917928014e-06,0.0006183444188511568,1.2816133417775392e-05
51,1.3009764898030417e-06,0.0006199505403006259,1.2778318113358614e-05
52,1.322692176084097e-06,0.0006276414314307858,1.2997950928830341e-05
53,1.3821023193507762e-06,0.0006322750271455133,1.3029058149352306e-05
54,1.3129898944544414e-06,0.0006235685165851083,1.2993603206561942e-05
55,1.3394864812926743e-06,0.0006276585096974778,1.3042553090540452e-05
56,1.356435647994625e-06,0.000624625434897312,1.2876597402220181e-05
57,1.307656826553507e-06,0.0006185855468673119,1.3098606207074633e-05
58,1.3294130634402945e-06,0.0006207351904501111,1.2908201084618207e-05
59,1.3212532401468789e-06,0.0006216455654052491,1.2924377007472972e-05
60,1.298870763715337e-06,0.0006157326739711417,1.2755139089987538e-05
61,1.3370790129431549e-06,0.0006259009356418395,1.2982728298160105e-05
62,1.3607988337208287e-06,0.0006339717210016931,1.320283879488719e-05
63,1.3421811692895794e-06,0.0006245769265404583,1.2958394658139867e-05
64,1.3511167498891008e-06,0.0006215964009427671,1.2786506372433999e-05
65,1.337181643906959e-06,0.0006278752339792306,1.2954688123257806e-05
66,1.338789635023951e-06,0.0006224051276181084,1.2814382544734045e-05
67,1.3238729357620956e-06,0.000627440298064881,1.3239865932480873e-05
68,1.3514844664181652e-06,0.0006300879279672845,1.2878142812878988e-05
69,1.3409177449351762e-06,0.0006296293961255348,1.3043943044918825e-05
70,1.3430188931695232e-06,0.0006228412593957841,1.2650329299988977e-05
71,1.3267995197537314e-06,0.0006242925520175952,1.2958016029840275e-05
72,1.3522505333730917e-06,0.0006249213452207904,1.2906390131003698e-05
73,1.3478303480016443e-06,0.0006285894609924837,1.3118295655313776e-05
74,1.3227509531861435e-06,0.0006245768058451724,1.2947604621193259e-05
75,1.3375958405428516e-06,0.0006272580065227114,1.2993624295157959e-05
76,1.3183514151186248e-06,0.000625095798581863,1.2968694726770922e-05
77,1.2645084308133551e-06,0.0006174616722195086,1.29608842656259e-05
78,1.3101155673781928e-06,0.0006193940619572473,1.3079611590141262e-05
79,1.3172212978083516e-06,0.0006239599174888218,1.2871727414951757e-05
80,1.3423773194196924e-06,0.0006206824727627284,1.2919457553726474e-05
81,1.321646990540855e-06,0.000624711099665423,1.2736157365460464e-05
82,1.3697606567468597e-06,0.0006290945646906392,1.2957814296952196e-05
83,1.313567040384744e-06,0.0006262133566879339,1.3076340184892559e-05
84,1.300543720199124e-06,0.0006189221206384649,1.3045883188770305e-05
85,1.3132339792239448e-06,0.0006173755336091408,1.2807605534216158e-05
86,1.312341039129578e-06,0.0006159778677848111,1.2660723613589046e-05
87,1.3398135109523585e-06,0.0006213456761926778,1.2999743456642017e-05
88,1.3259879466524822e-06,0.0006220316154654182,1.2833018458224909e-05
89,1.3605094103441277e-06,0.0006270106250175704,1.2977627079248475e-05
90,1.3023295141029381e-06,0.000621968562073023,1.2940930225568916e-05
91,1.2925887360384315e-06,0.0006163146298366875,1.28806564353692e-05
92,1.3439298848521735e-06,0.0006262497977206727,1.2901505214843958e-05
93,1.3451259184118376e-06,0.0006253377077220639,1.294640687919785e-05
94,1.3217243166284433e-06,0.0006302369061311443,1.3088146994006045e-05
95,1.3509307995816724e-06,0.0006273230702949481,1.3239793395746257e-05
96,1.3059250833802152e-06,0.000620612084121618,1.2875452812884083e-05
97,1.3305911645118035e-06,0.0006253739135690428,1.301021776648979e-05
98,1.3252736932678066e-06,0.0006178459513628785,1.29095914536673e-05
99,1.3189077767174477e-06,0.0006174856090728211,1.2838122571322237e-05
100,1.3375336624250691e-06,0.0006276742559184569,1.3033844249366695e-05
101,1.359639012288404e-06,0.0006299458579739322,1.2896144515366296e-05
102,1.365181915706001e-06,0.0006268725586624219,1.3018504347964523e-05
103,1.3448491431435942e-06,0.0006181622587377437,1.2662937955051208e-05
104,1.308144893298493e-06,0.0006212896244838218,1.288762148630632e-05
105,1.3242209732430562e-06,0.0006210336555989569,1.2841317168952363e-05
106,1.3397969343172434e-06,0.0006248788699966442,1.2958642943902452e-05
107,1.3274491219334364e-06,0.0006258552158249472,1.2980793448830131e-05
108,1.3341239949372355e-06,0.000624761258923693,1.2857707592773897e-05
109,1.299905786800193e-06,0.0006223220106438105,1.3118382567284169e-05
110,1.311654908814175e-06,0.000621572652305177,1.29563748516079e-05
111,1.3649760395547283e-06,0.0006217927368187882,1.2724460520949034e-05
112,1.3449638542018323e-06,0.0006213037223196448,1.278610423135359e-05
113,1.3413647970094843e-06,0.000622386923966816,1.2958264020507209e-05
114,1.3033626749116173e-06,0.0006227007877777484,1.3076171091427406e-05
115,1.3403844117512778e-06,0.0006299873179835117,1.2809808744331579e-05
116,1.324917815118185e-06,0.000624133489488869,1.2817776265139065e-05
117,1.3638908335605315e-06,0.0006220552902350477,1.2825552754404997e-05
118,1.3260604590694935e-06,0.0006271102549638084,1.3142828061027345e-05
119,1.305300178938237e-06,0.0006210391145731531,1.305872338037445e-05
120,1.325486809310986e-06,0.0006231223681460303,1.2909574819585344e-05
121,1.3260540847003986e-06,0.0006250062411107995,1.3034871871100816e-05
122,1.3235431571657564e-06,0.000625195998723317,1.2955096943047384e-05
123,1.3058554184590918e-06,0.0006245165638608216,1.3008446466565026e-05
124,1.3468630015179718e-06,0.0006253023728655287,1.3010864432179077e-05
125,1.3211354667986795e-06,0.0006210517756737671,1.301084932030073e-05
126,1.2950994933080272e-06,0.0006201497439108252,1.289580856958351e-05
127,1.3337799687908192e-06,0.0006218666988880339,1.2836211585569929e-05
128,1.3172898070276608e-06,0.0006187658858635369,1.2880157263314356e-05
129,1.3182559636997426e-06,0.0006180604475958863,1.2840534809132956e-05
130,1.3164549694435573e-06,0.0006249200972711084,1.3068637348132281e-05
131,1.3034706905551603e-06,0.0006202557063690553,1.2998289638604502e-05
132,1.324307716164009e-06,0.0006177196505971339,1.2624272068409454e-05
133,1.3297313551902248e-06,0.0006260582307670081,1.2895201232442211e-05
134,1.3338427773315004e-06,0.0006256769270033232,1.2814960533795758e-05
135,1.3109474275395234e-06,0.000622786160177384,1.3206438387651772e-05
136,1.311119915733248e-06,0.0006247622673655043,1.2885599377971564e-05
137,1.3415634799993146e-06,0.0006237291928382898,1.2819970334308492e-05
138,1.330179776859978e-06,0.0006228032559506961,1.3156684587023821e-05
139,1.340449108051388e-06,0.0006270056742884695,1.2850535717450417e-05
140,1.3209573804012333e-06,0.0006216800799244811,1.290990356479408e-05
141,1.2915056572816788e-06,0.0006209620647758753,1.2914402356713211e-05
142,1.2529733110788803e-06,0.0006170375621394036,1.326965636819414e-05
143,1.3172751740256622e-06,0.0006188042304881184,1.2708137115629092e-05
144,1.3393147943114048e-06,0.0006197897676711534,1.2872435988295537e-05
145,1.3146992252568743e-06,0.0006183266853224553,1.2879636750095842e-05
146,1.3481080306176363e-06,0.0006284367628890618,1.2918426344596743e-05
147,1.3393339836831873e-06,0.0006243532600913668,1.2881380685649685e-05
148,1.4316748204770065e-06,0.0006405591310166976,1.2970195447726176e-05
149,1.3140108976952678e-06,0.0006229554587457415,1.2931143001198499e-05
150,1.3214849767818748e-06,0.0006194400993926486,1.2970658232222354e-05
151,1.3007209448553252e-06,0.0006207718040169708,1.2960922143730658e-05
152,1.3202431099969416e-06,0.0006167524427543423,1.2706221970626153e-05
153,1.2992384865551884e-06,0.000620064441411388,1.3020553979275963e-05
154,1.320440705000003e-06,0.0006203624296686693,1.2951474657196633e-05
155,1.360907008313509e-06,0.0006217399757711138,1.2739260790783921e-05
156,1.3334154923162017e-06,0.0006177178084134341,1.2706036408639866e-05
157,1.3039053246701163e-06,0.0006203295008810148,1.2911494258084763e-05
158,1.3243129140445215e-06,0.0006213394480646522,1.2921973492640443e-05
159,1.3306121859646673e-06,0.0006256665454459792,1.2986873630377327e-05
160,1.352843661557362e-06,0.0006286014667733903,1.3031743960186158e-05
161,1.3402820389640374e-06,0.0006269787454763647,1.3002953306146256e-05
162,1.330112302331548e-06,0.0006222694648219325,1.3063244346813657e-05
163,1.3109913527941806e-06,0.000619380789693749,1.292613401066533e-05
164,1.3309450449480877e-06,0.0006227237160990273,1.283425048642153e-05
165,1.2878823927756516e-06,0.000617173603016728,1.2926797927092904e-05
166,1.3139954730558894e-06,0.0006274320452147298,1.3238164110494421e-05
167,1.3012869789093268e-06,0.0006150556586947633,1.2850885504727214e-05
168,1.3196352252635204e-06,0.000624534435170886,1.3027733203289374e-05
169,1.3137713130942488e-06,0.000619854614182007,1.3029644502156895e-05
170,1.3526410985565193e-06,0.0006245717966806785,1.2823411340590591e-05
171,1.3506965236673335e-06,0.0006289860774258448,1.309384997897993e-05
172,1.3404076887516588e-06,0.0006299952664762811,1.307511814016128e-05
173,1.3319726159375825e-06,0.0006208472272639244,1.284053531963545e-05
174,1.3113544346695244e-06,0.0006233548720341392,1.2845283987214327e-05
175,1.3034196881495476e-06,0.000622100497525198,1.2958553235046205e-05
176,1.3468818981484884e-06,0.0006262131907937934,1.2806052894068314e-05
177,1.303150503657133e-06,0.0006199158561926635,1.3014147115488268e-05
178,1.3448809744502766e-06,0.000625502570828661,1.2904688926493432e-05
179,1.3114487710115955e-06,0.000618018543580382,1.267369487873351e-05
180,1.3083236305415802e-06,0.0006207807303758046,1.3025812539225963e-05
181,1.2953520272306147e-06,0.0006146544532514445,1.2919663816557567e-05
182,1.3089667320348483e-06,0.000617988388072822,1.280025017272959e-05
183,1.329267640501878e-06,0.000623110550754678,1.2853534578522496e-05
184,1.3165860399717517e-06,0.000622756713353149,1.311690263612747e-05
185,1.3425709632375475e-06,0.0006268035907466324,1.3043485748841241e-05
186,1.3050138303216347e-06,0.0006191168122257142,1.2867940255238214e-05
187,1.3644465251740728e-06,0.0006314674540942643,1.2885677505685158e-05
188,1.3525378964223203e-06,0.0006280117795092519,1.2924054268706631e-05
189,1.3144905973400788e-06,0.000615960966480752,1.2642225414110612e-05
190,1.313950967230083e-06,0.0006256381641777143,1.3109180535894129e-05
191,1.312759560344006e-06,0.0006220972232853296,1.3047654295218156e-05
192,1.305033652884454e-06,0.0006227015354910038,1.3016723450391948e-05
193,1.339711050694935e-06,0.0006224612865476439,1.2781923033411062e-05
194,1.2686464358479672e-06,0.0006119736226270883,1.3266028978876342e-05
195,1.3604272494979186e-06,0.0006285876952725478,1.2951539663582775e-05
196,1.3219897495403784e-06,0.0006220276601195478,1.2933153806819643e-05
197,1.3054328646773428e-06,0.0006206239143517576,1.2703026734786335e-05
198,1.318448657789334e-06,0.0006266432213546069,1.3197685551014834e-05
199,1.321233588177774e-06,0.0006205505065265644,1.300231159149439e-05
200,1.3222531489874383e-06,0.0006204868401762163,1.2852395596950473e-05
201,1.3272000741822167e-06,0.0006269191410033691,1.3043564272459284e-05
202,1.3265846513045169e-06,0.0006221015054343449,1.3021342004748277e-05
203,1.3184303765201276e-06,0.0006176155616068067,1.2683515847082884e-05
204,1.3330728448532165e-06,0.0006239425607174239,1.3038009230023046e-05
205,1.3112937218788414e-06,0.0006150654685636669,1.2816106391963431e-05
206,1.3037715035741555e-06,0.0006239058279433097,1.2899766222330345e-05
207,1.3428886866379102e-06,0.0006211454073373689,1.2762382214032956e-05
208,1.3620628267456642e-06,0.0006300611064732874,1.289631020285429e-05
209,1.3193973181139774e-06,0.0006212203298589834,1.281869700038464e-05
210,1.3338926940850743e-06,0.0006200329920610848,1.290255276530051e-05
211,1.3270303673925584e-06,0.0006237068844187572,1.3150123688892722e-05
212,1.3340317204535899e-06,0.0006196711526548379,1.2864839035984164e-05
213,1.3618255096121644e-06,0.000625703667095692,1.2918751378894575e-05
214,1.3321327660206032e-06,0.0006276045198113489,1.3145076977954994e-05
215,1.308701609502328e-06,0.0006247267907160977,1.3034361756452892e-05
216,1.2969749018687e-06,0.0006268635104420264,1.3130482585543661e-05
217,1.3803497427872775e-06,0.0006285122633802657,1.2939742787790252e-05
218,1.357133270805423e-06,0.0006295676288911331,1.3090982427655757e-05
219,1.291441239775044e-06,0.0006190161362771153,1.2948674879931718e-05
220,1.3142872385462998e-06,0.0006191680496399798,1.3078638431145541e-05
221,1.2657584155691607e-06,0.0006149133812775216,1.2905144875713845e-05
222,1.3561064137952321e-06,0.0006274658908362701,1.290511862722221e-05
223,1.3346422769015037e-06,0.00063113737217363,1.2887309386272746e-05
224,1.2745387595143492e-06,0.0006151246798885656,1.2887269033686063e-05
225,1.3037769967440898e-06,0.0006228694157373313,1.3045930512659678e-05
226,1.3109317203480802e-06,0.0006123510037548002,1.2805637160357763e-05
227,1.310825121969041e-06,0.0006219946701610965,1.3054209729682827e-05
228,1.323901115827708e-06,0.0006235445274550035,1.2849042888787243e-05
229,1.3212482444601676e-06,0.0006192433393995906,1.2942748923091473e-05
230,1.3251537425694888e-06,0.0006246099456067256,1.3224393848437178e-05
231,1.3408697210663344e-06,0.0006276745353121528,1.289363617115631e-05
232,1.3192440507495883e-06,0.000613473397449439,1.2799162558995862e-05
233,1.3484848669492989e-06,0.0006269271839616707,1.2911534397492873e-05
234,1.3084201220988091e-06,0.0006227618812757761,1.2981229525698701e-05
235,1.346354423061707e-06,0.0006291935658660619,1.295870056876443e-05
236,1.33608106238331e-06,0.0006293157695357639,1.3308074906091241e-05
237,1.3302179783282462e-06,0.0006285100026794532,1.3133672446292003e-05
238,1.3398857393222204e-06,0.0006219178360625978,1.2904567362214583e-05
239,1.3224600348473382e-06,0.0006232656325567783,1.2785685584086306e-05
240,1.2794402514574196e-06,0.0006181578656938782,1.29300780215162e-05
241,1.342095840809846e-06,0.0006233846363568167,1.2868318374447473e-05
242,1.2876822054455007e-06,0.0006188637734922738,1.312408767662789e-05
243,1.3330861755893144e-06,0.0006268142775916608,1.316338341061117e-05
244,1.3353810292835956e-06,0.0006183603029208442,1.2841953872428702e-05
245,1.3637743348065264e-06,0.0006265969978576713,1.2819446240377056e-05
246,1.3569833649372507e-06,0.0006314321317251163,1.2990564211491261e-05
247,1.3016941771160936e-06,0.0006198774397076092,1.2853171474829463e-05
248,1.335280437022586e-06,0.0006214496130238349,1.2853962493194514e-05
249,1.3273993877587154e-06,0.0006182969032127273,1.2817504330080696e-05
250,1.3518969386380647e-06,0.0006253327309082005,1.2849331929627713e-05
251,1.3201493030734192e-06,0.0006172110207994142,1.2560324775259556e-05
252,1.3126510074170439e-06,0.0006215713183520634,1.2997965007784688e-05
253,1.3236878376543702e-06,0.0006250103798134114,1.278130643625775e-05
254,1.3255768893155848e-06,0.0006263923121298203,1.3260464090223531e-05
255,1.335314056746879e-06,0.0006248647252210234,1.29487395398099e-05
256,1.3226083884001877e-06,0.0006262330258933641,1.298381195467692e-05
257,1.374719816888141e-06,0.0006295678881202209,1.3051315917430932e-05
258,1.3227605092729706e-06,0.0006218982248805494,1.28924469643378e-05
259,1.3191147006659879e-06,0.0006196218334628485,1.280686780955681e-05
260,1.3217247036101751e-06,0.0006266951519785523,1.284604158496484e-05
261,1.2960860390453148e-06,0.000621269370558909,1.2990793882560035e-05
262,1.2933510311704765e-06,0.0006228665903290092,1.3165820844953009e-05
263,1.3492584797622377e-06,0.0006258612382819406,1.2964773627057082e-05
264,1.3288709519974877e-06,0.0006233455298795271,1.279650511186914e-05
265,1.3176816396771066e-06,0.0006294996044910056,1.3073835408153264e-05
266,1.2868030896728419e-06,0.0006192016621081433,1.2897561995197868e-05
267,1.2844401706877232e-06,0.0006120802008914161,1.3044013059641304e-05
268,1.3264658915102812e-06,0.0006250340395691377,1.3060424098039549e-05
269,1.3210552794606487e-06,0.0006201878328668066,1.2756224213979271e-05
270,1.3070407252517697e-06,0.0006242677962491866,1.2968127886560305e-05
271,1.3207715155299515e-06,0.0006194146432437299,1.2892275609148018e-05
272,1.3212744412452286e-06,0.0006203577397851526,1.2893228238909485e-05
273,1.2970804604590695e-06,0.0006183952745948297,1.305148820798389e-05
274,1.3135521216885443e-06,0.0006241082509771591,1.3115683048509245e-05
275,1.2967120564430729e-06,0.0006190918300962005,1.2736956172192823e-05
276,1.3373897340985452e-06,0.0006281059400713475,1.3021821709800867e-05
277,1.330325871319375e-06,0.0006255246625682731,1.3146623831359268e-05
278,1.3585028837192563e-06,0.0006358649976547826,1.3201831097537585e-05
279,1.3399382424689114e-06,0.0006172552558087754,1.2798127026636299e-05
280,1.3009232363115655e-06,0.0006191770128316828,1.3008938306739842e-05
281,1.3245095584737986e-06,0.0006234181255220636,1.2817906083881616e-05
282,1.309792493284895e-06,0.0006251483750204499,1.300523509085092e-05
283,1.3033924204020443e-06,0.0006177684624325643,1.2861621825874022e-05
284,1.3400595217446204e-06,0.0006272608990258413,1.3039181071184752e-05
285,1.3016224412918943e-06,0.0006210424875365059,1.2828252477159764e-05
286,1.326875488782501e-06,0.0006187381458662883,1.2728743923111148e-05
287,1.3201004590237471e-06,0.0006160814978265017,1.261336596462331e-05
288,1.3245108613148543e-06,0.0006200507744384987,1.2909799542786204e-05
289,1.3226745908591476e-06,0.0006232563193579959,1.2967777579756571e-05
290,1.3122849643153565e-06,0.0006194516439227736,1.2830090844334602e-05
291,1.329055067252472e-06,0.0006214345768439438,1.2903304471437362e-05
292,1.3565854465630239e-06,0.0006196470936872904,1.2756326942466924e-05
293,1.3173768674040306e-06,0.0006319523362809119,1.3178883396548458e-05
294,1.3401715793802138e-06,0.0006254866966502938,1.2792036806981886e-05
295,1.3215966859550334e-06,0.0006158300096697324,1.269876114777914e-05
296,1.3403032949551442e-06,0.0006209484036294635,1.274510206824813e-05
297,1.3211916454668516e-06,0.0006299928392450282,1.300243908273084e-05
298,1.3430802360948666e-06,0.000622717446062182,1.291479972536291e-05
299,1.3255063576324248e-06,0.0006199137785690159,1.2881645814398545e-05
300,1.3051273911102694e-06,0.0006227560266493113,1.301517670538025e-05
301,1.2808597935767228e-06,0.0006204497540013948,1.294905706266041e-05
302,1.313383722980294e-06,0.0006202820077947907,1.2902765113382435e-05
303,1.327340490628967e-06,0.0006257163779691542,1.2874350236208376e-05
304,1.3156190086615076e-06,0.0006175324912220943,1.2910289010685972e-05
305,1.310820066909598e-06,0.0006229183228377528,1.2821584771675417e-05
306,1.3282232562534673e-06,0.0006265565998795545,1.2956774344595454e-05
307,1.2880216668603219e-06,0.0006162258179162839,1.2981976193253323e-05
308,1.3367341092664853e-06,0.0006232523153853613,1.2988343087465493e-05
309,1.3141053235103147e-06,0.0006112433809280322,1.2629014497837927e-05
310,1.330079471696339e-06,0.0006170746611735399,1.2841145469334347e-05
311,1.294165543206233e-06,0.0006151370560662364,1.3047486689595169e-05
312,1.293305246052255e-06,0.0006176877304565667,1.268793493448128e-05
313,1.3002765566436353e-06,0.000623490790265396,1.3150733510355704e-05
314,1.3375635024196935e-06,0.0006263183190826863,1.3014405268442855e-05
315,1.3382163796750397e-06,0.0006213056059903161,1.2969252169070844e-05
316,1.3570040658021054e-06,0.0006294248944784548,1.2983057684221297e-05
317,1.3494714945739437e-06,0.0006294860624114483,1.294387138192909e-05
318,1.3680546420925852e-06,0.0006303678895595581,1.3248200737393356e-05
319,1.3305640907078813e-06,0.0006201680065390207,1.3116497847617353e-05
320,1.3532553670123318e-06,0.0006214312892490889,1.2974059886501172e-05
321,1.2899843726743373e-06,0.000618233839779914,1.2966568974703131e-05
322,1.314469691894857e-06,0.0006228677254124151,1.2895413964440771e-05
323,1.338165762381766e-06,0.0006298180487662356,1.2958749196790603e-05
324,1.301378776419597e-06,0.0006205349278070871,1.2924267529259854e-05
325,1.3578660485979674e-06,0.0006231518333894771,1.2975106087741377e-05
326,1.3272712078335408e-06,0.0006246516718806665,1.3112108262537831e-05
327,1.3677151104305877e-06,0.0006302554309810316,1.2978988535708621e-05
328,1.3355188762856647e-06,0.0006247324822110575,1.3006019850097529e-05
329,1.3087801913827891e-06,0.0006220641365742802,1.2915893557332113e-05
330,1.3180337352863573e-06,0.0006240623056575925,1.2749585112535572e-05
331,1.2685834674696616e-06,0.0006180535908270837,1.311122088765194e-05
332,1.3128898248402936e-06,0.0006220863249230821,1.2922480737334927e-05
333,1.2981519089258417e-06,0.0006219454086650028,1.2832117342752414e-05
334,1.336722572944603e-06,0.0006238558618689252,1.2868348099319902e-05
335,1.3204110836697176e-06,0.0006254451081544908,1.2883836707607423e-05
336,1.3236137706232518e-06,0.0006232364130409136,1.3010640761101529e-05
337,1.313220672914482e-06,0.0006270010993323967,1.3102012883722132e-05
338,1.312466928207754e-06,0.0006246809953425082,1.301662777645435e-05
339,1.3037261090349747e-06,0.0006227374865236682,1.2892550898458393e-05
340,1.3595417866988744e-06,0.0006251739670916809,1.2830317161234354e-05
341,1.3407728638635199e-06,0.0006208390389356088,1.278905712236201e-05
342,1.3122593192516357e-06,0.0006166185163929644,1.2988830504233583e-05
343,1.3365770546167078e-06,0.0006279958189663688,1.2834808357563539e-05
344,1.34577715667781e-06,0.0006300544608399206,1.3131562066212378e-05
345,1.2739210275092385e-06,0.0006157558586945309,1.2871892823530628e-05
346,1.2885445224022076e-06,0.0006178970540870964,1.2989380764168691e-05
347,1.3043999795545397e-06,0.00061645652924919,1.2995792392355133e-05
348,1.3186706928331873e-06,0.0006247513677030512,1.3090557526154902e-05
349,1.2831009998483532e-06,0.0006214720250140344,1.3063654206893604e-05
350,1.307903353775632e-06,0.0006225921607825457,1.2881000404071617e-05
351,1.3440747465074386e-06,0.0006254551405612651,1.2773169243654204e-05
352,1.3288645169766486e-06,0.0006256161933823959,1.3121522764759863e-05
353,1.3715090588804168e-06,0.0006274974401449437,1.2887692167193968e-05
354,1.3113620750385053e-06,0.0006207754524218543,1.2973963122017581e-05
355,1.3290346257592016e-06,0.0006217362925548348,1.2798160896887365e-05
356,1.323922609366152e-06,0.0006270726018432113,1.3313539968994555e-05
357,1.2862049545378763e-06,0.0006083822290325758,1.2681078583966934e-05
358,1.3265647093190757e-06,0.0006236888148660179,1.2678470357533017e-05
359,1.2594253874899262e-06,0.0006104713117915951,1.2979843254640062e-05
360,1.319113627110203e-06,0.0006271047476672359,1.3102550374459238e-05
361,1.319732945417067e-06,0.0006252650307626102,1.3046905316369902e-05
362,1.341328945347832e-06,0.0006267217553674152,1.3009904861168189e-05
363,1.3436461172162113e-06,0.0006307300837970503,1.3010615021116704e-05
364,1.3552037145183557e-06,0.0006319054519177445,1.3111092834120344e-05
365,1.3021359067208445e-06,0.000620914344565005,1.2983327965071361e-05
366,1.2868396147303646e-06,0.0006129732250106946,1.2832673109139553e-05
367,1.345358354022852e-06,0.0006286874219487035,1.294544474076562e-05
368,1.3279185914478528e-06,0.000627748956856453,1.3120948672075527e-05
369,1.326343256593756e-06,0.0006301033249605428,1.3213186701956386e-05
370,1.360543260490422e-06,0.0006272948784998629,1.3167924583421671e-05
371,1.3267620696992275e-06,0.0006175686769384928,1.2824903165502792e-05
372,1.3296080287991248e-06,0.0006263755105979842,1.2925379140134375e-05
373,1.3426494229640493e-06,0.0006263402374058219,1.3001841916312607e-05
374,1.2988514461401516e-06,0.0006167523897510655,1.2955302566017824e-05
375,1.3368252097243198e-06,0.0006317615950102611,1.3062077514782173e-05
376,1.3030359879657728e-06,0.0006249599431387298,1.315608439559564e-05
377,1.2869360958115028e-06,0.0006167701839552718,1.2943621004290632e-05
378,1.3222479575920828e-06,0.000620967839021538,1.2691624340006406e-05
379,1.3775808102841692e-06,0.0006227543639045595,1.2729530841661577e-05
380,1.3276512816557687e-06,0.000624191194845066,1.3023450654257742e-05
381,1.3362826017520076e-06,0.0006251456404385903,1.2961161219443194e-05
382,1.253680897029934e-06,0.0006064350553061317,1.2770705987112408e-05
383,1.3392706834617417e-06,0.0006319751449814723,1.3115913106394738e-05
384,1.3246744549757937e-06,0.0006280524514601212,1.3202680163410176e-05
385,1.3042554759335217e-06,0.000617824146712411,1.2905411438497829e-05
386,1.3489349110910114e-06,0.0006282932123173719,1.2939459628707513e-05
387,1.3030949546563446e-06,0.0006253189264647786,1.3169864297608855e-05
388,1.3301197887564982e-06,0.000619759522180052,1.2683455823864694e-05
389,1.3212625593206098e-06,0.0006199980067626096,1.3062400316114202e-05
390,1.286057429350923e-06,0.0006188399806092062,1.285650845761868e-05
391,1.3136733788253506e-06,0.0006161452730171536,1.2768079324153363e-05
392,1.3194400892666545e-06,0.0006271660822932171,1.316065759057125e-05
393,1.3638283327726502e-06,0.000622026946843338,1.2706564806300072e-05
394,1.3000345542752264e-06,0.0006238763713904616,1.3032463863204417e-05
395,1.300979777964783e-06,0.0006208349691552941,1.2828125666922104e-05
396,1.3300977751795389e-06,0.0006216410601709519,1.2796086901042746e-05
397,1.359650452764542e-06,0.0006235710926921272,1.2754729497014728e-05
398,1.3118620760333119e-06,0.0006240286276124619,1.3008699847519842e-05
399,1.331512184275174e-06,0.0006186428164920094,1.2866260615043318e-05
400,1.3338397755430362e-06,0.0006231707245957974,1.2755109989520862e-05
401,1.3234521281874923e-06,0.0006147831814946083,1.2730393575800517e-05
402,1.3395598753958821e-06,0.0006212723261231105,1.2780547165280737e-05
403,1.336181959802879e-06,0.0006278993368137802,1.303746839733337e-05
404,1.297852870374086e-06,0.0006158087638573806,1.2777886195084758e-05
405,1.3688896808562838e-06,0.0006296967006651441,1.2989153844895379e-05
406,1.3193367428015474e-06,0.0006245800695424632,1.3112176271355984e-05
407,1.3185149510401162e-06,0.0006187510958735198,1.2822907872361422e-05
408,1.309058025751631e-06,0.0006211282984956756,1.3089806947488686e-05
409,1.3220065444046226e-06,0.0006229969238715318,1.2717311547861774e-05
410,1.3141068434261378e-06,0.0006242935251260179,1.3140848861584012e-05
411,1.30971741187767e-06,0.000621025540039422,1.3123913563967991e-05
412,1.3229225460376317e-06,0.0006247520782906915,1.3196450295545816e-05
413,1.3199771077051997e-06,0.0006135955131500195,1.2608077402890153e-05
414,1.3228547814953483e-06,0.0006255047917018369,1.315135395015069e-05
415,1.3521594422394077e-06,0.0006313823430795739,1.3007549810784854e-05
416,1.3016690147073958e-06,0.0006240439843010724,1.2931832340995691e-05
417,1.3283060525577689e-06,0.0006243871462471982,1.290527685294765e-05
418,1.2903612477598812e-06,0.0006188418451566098,1.2999869147601616e-05
419,1.3505485322353901e-06,0.0006220081434774945,1.2675543685928612e-05
420,1.3313099539785326e-06,0.0006244563566997482,1.2926287273273454e-05
421,1.3043913435428772e-06,0.0006254271362133146,1.3004071274169793e-05
422,1.3229435112586396e-06,0.0006221313185847609,1.2982298633687725e-05
423,1.346504979303506e-06,0.0006264194993462822,1.2842672062937208e-05
424,1.3007613554303832e-06,0.0006186855551663749,1.300959286780456e-05
425,1.299297538987263e-06,0.0006240211429170479,1.2927142835723306e-05
426,1.3151312925919997e-06,0.0006223291931818126,1.2843551412771887e-05
427,1.3489803200652509e-06,0.0006291582374795613,1.2951862750890112e-05
428,1.3097093401195e-06,0.000623988239305327,1.299463613723698e-05
429,1.3568907699713155e-06,0.0006230749216734057,1.2763194483721108e-05
430,1.3211453733371446e-06,0.0006206548841609251,1.2980468617522126e-05
431,1.32514802774877e-06,0.000622095068138979,1.3088972198389978e-05
432,1.30275885160188e-06,0.000613971790029414,1.2767661683136302e-05
433,1.313923324817993e-06,0.0006152711228193519,1.2781644780317935e-05
434,1.2801122071025909e-06,0.0006206847449957746,1.298657453771755e-05
435,1.2841450541073092e-06,0.0006142253615123797,1.3118355463598355e-05
436,1.3775823956241715e-06,0.0006307637138523927,1.2837277085636666e-05
437,1.2859424559883644e-06,0.0006173176711699253,1.2787893596991744e-05
438,1.3453607293164606e-06,0.0006179476550067749,1.2911156724441663e-05
439,1.2964863158522096e-06,0.0006193629543995334,1.2909709148726047e-05
440,1.322406711734726e-06,0.0006215469981718196,1.2940503439925691e-05
441,1.3442170182328666e-06,0.0006235122668701863,1.3208688375024124e-05
442,1.2927352209557136e-06,0.0006265419113581309,1.3250166205686614e-05
443,1.2952544614835872e-06,0.0006245688683148828,1.2847121064988701e-05
444,1.3570960026410079e-06,0.0006258857504678594,1.2780753563560886e-05
445,1.3751925720963635e-06,0.0006258874897614587,1.2896096915692756e-05
446,1.288184458044487e-06,0.0006204348706641041,1.2948842101097447e-05
447,1.2950437893424658e-06,0.000620947837483279,1.2804870576597583e-05
448,1.3441156431372514e-06,0.0006242465698803197,1.3086963413470393e-05
449,1.2685676374137703e-06,0.0006148680306429818,1.2982111790244806e-05
450,1.3465792355372562e-06,0.0006302595021555047,1.3064958621367933e-05
451,1.300946125147222e-06,0.0006212947985817401,1.3375839376246123e-05
452,1.3245439240527e-06,0.0006219924883263046,1.2903939386742825e-05
453,1.378385139486043e-06,0.0006331477836477084,1.291114269244721e-05
454,1.3346567005125953e-06,0.00062939548752935,1.3634927284990082e-05
455,1.3026786610744762e-06,0.00062058379758556,1.3116059857715968e-05
456,1.3329618111501032e-06,0.0006195132258177287,1.2805688288050646e-05
457,1.3205700956224144e-06,0.0006156781456163596,1.2771293804066645e-05
458,1.3363099335979025e-06,0.0006204165339078634,1.3115802067007544e-05
459,1.3390715553918074e-06,0.0006254840076654863,1.3015407887097423e-05
460,1.3143687691751964e-06,0.0006192140016265812,1.281764237860213e-05
461,1.3243422690787983e-06,0.0006191329891249851,1.2812243752817501e-05
462,1.3204699917031108e-06,0.000621980922683765,1.292180617940313e-05
463,1.3134928857315706e-06,0.0006165952737477995,1.285374983798881e-05
464,1.2792341049238917e-06,0.0006127114087278707,1.2761391418446739e-05
465,1.3100788590427479e-06,0.0006212031690076296,1.3080319460061113e-05
466,1.2971550475970108e-06,0.0006176251678182851,1.2805346046295424e-05
467,1.3007586636534446e-06,0.0006233917049619165,1.3094945143962335e-05
468,1.327524905524815e-06,0.0006203343359259703,1.273329931063948e-05
469,1.337612188809792e-06,0.0006286209884362364,1.3022761000911142e-05
470,1.3331564577946147e-06,0.0006246944525491227,1.2885231227498968e-05
471,1.3031027552324424e-06,0.0006172072372692715,1.2909355967672088e-05
472,1.3417778326676708e-06,0.0006209050941225604,1.2896038978751748e-05
473,1.3419418667873456e-06,0.0006177595818216254,1.2808533352811765e-05
474,1.323340634136019e-06,0.0006219192144029848,1.2878017329469258e-05
475,1.3305057871319346e-06,0.000620905422554107,1.2781259147237332e-05
476,1.2913554980451405e-06,0.0006214427399645934,1.3159648205222788e-05
477,1.3355918667984208e-06,0.0006260984276682915,1.2983215718780508e-05
478,1.3281608587592811e-06,0.0006178722271978718,1.284292531678939e-05
479,1.3368036438546724e-06,0.0006210793044108417,1.2910872803264013e-05
480,1.2781971677913379e-06,0.0006096539990871991,1.2969016471389301e-05
481,1.2976652477350485e-06,0.0006215261604549045,1.3210442822071772e-05
482,1.3037523599878318e-06,0.0006128697561526374,1.2805383097761046e-05
483,1.2879019889983065e-06,0.0006171758667392524,1.3019074275946437e-05
484,1.2870094595992083e-06,0.0006072351381385614,1.2697216114550266e-05
485,1.290011297912294e-06,0.0006188213304063197,1.2840432634310532e-05
486,1.352044802089558e-06,0.0006247528212048295,1.2783585999674408e-05
487,1.2985607266441806e-06,0.0006140395484550677,1.2940059550420686e-05
488,1.3476291279807116e-06,0.0006311416420469162,1.2976241519084524e-05
489,1.354155541242619e-06,0.0006277210933160328,1.2874081858990753e-05
490,1.3601336536063323e-06,0.0006221659447384736,1.3005856984740933e-05
491,1.3369684931236935e-06,0.0006231538004147108,1.2860055038826168e-05
492,1.3017604746369795e-06,0.0006145532866204369,1.2898746432018072e-05
493,1.3177260120369993e-06,0.0006192863932644113,1.2763397697443141e-05
494,1.3529889941003102e-06,0.0006253386799367292,1.3011293413899327e-05
495,1.3187080766092653e-06,0.0006216458583973774,1.2827802769810705e-05
496,1.3168016503126253e-06,0.0006219174221110898,1.2960567109502367e-05
497,1.3019953387126192e-06,0.0006179285122752313,1.2840998485654244e-05
498,1.3146363829753673e-06,0.0006231460940201671,1.3064541370628816e-05
499,1.3355498573584608e-06,0.0006219241159620168,1.2887758039972028e-05
