,mean_squared_error,mean_absolute_error,mean_absolute_percentage_error
0,1.3983173937421666e-06,0.0006371399061497238,1.2913338496139108e-05
1,1.335207607186346e-06,0.0006249481677984074,1.2929092992234877e-05
2,1.3184948693882698e-06,0.0006183454581555289,1.3007921408269747e-05
3,1.360056603226103e-06,0.0006267023549458313,1.2977697733329673e-05
4,1.3443732219129947e-06,0.0006228493913201317,1.2907917441403186e-05
5,1.3216192543458333e-06,0.0006183562519572367,1.2737264459493745e-05
6,1.3506137829523389e-06,0.0006215325103765969,1.2678716541014893e-05
7,1.3448591732175323e-06,0.0006242476684711133,1.3086639818067955e-05
8,1.4021780931712755e-06,0.0006264284321467491,1.3019147349768141e-05
9,1.3262602606239384e-06,0.0006223935577227894,1.2991450954704041e-05
10,1.2892958772502667e-06,0.0006214307623535689,1.3137695063046815e-05
11,1.3267961207764538e-06,0.0006214944011459852,1.3001377758333167e-05
12,1.3589705152953368e-06,0.0006247717993739146,1.2729497172947154e-05
13,1.325398588891555e-06,0.0006277274614402556,1.2897072187323493e-05
14,1.308479455357972e-06,0.0006245920244645406,1.310943578727873e-05
15,1.3198966497593276e-06,0.0006297101895446394,1.285665552611702e-05
16,1.3384577049742398e-06,0.000629089821452983,1.3099588473418547e-05
17,1.3075363160868702e-06,0.0006233350174370423,1.3121148861875443e-05
18,1.333396507165719e-06,0.000627632787918246,1.3290729531109945e-05
19,1.31609496821951e-06,0.0006267114502761066,1.3089439107021194e-05
20,1.3643991245207148e-06,0.0006319500399700286,1.3043997509635985e-05
21,1.3456996782058538e-06,0.0006244389668214806,1.305702429192366e-05
22,1.2863633057215764e-06,0.0006131369858052006,1.3011013076986183e-05
23,1.3660676184109204e-06,0.0006261042773146781,1.2974313044829862e-05
24,1.3366127494525848e-06,0.0006224007011300644,1.300404313477164e-05
25,1.3245909255095062e-06,0.0006251236505888436,1.2956764023464809e-05
26,1.333739511452728e-06,0.0006209001656456007,1.2808069740860615e-05
27,1.3153974998500578e-06,0.0006262069119933152,1.3040489093170256e-05
28,1.342826213847833e-06,0.0006267059368178774,1.3162232085799848e-05
29,1.3261116939889426e-06,0.0006228299079259672,1.3056948752931715e-05
30,1.3491752114892432e-06,0.0006271185385837123,1.2848686927999788e-05
31,1.3006119055389162e-06,0.0006219849568913801,1.296529629285747e-05
32,1.3395372499019797e-06,0.0006265690755479098,1.2850258012965796e-05
33,1.313489545067243e-06,0.0006229600753894451,1.296064057997578e-05
34,1.3298057540026606e-06,0.0006237743820769022,1.300064018720716e-05
35,1.3179375428263418e-06,0.0006236089118164097,1.2999271902886703e-05
36,1.3429592923285743e-06,0.0006270327655226773,1.3150681304210596e-05
37,1.347847895579493e-06,0.0006234147638978073,1.2837760756889175e-05
38,1.3236220837455684e-06,0.00062034081774631,1.313780744219988e-05
39,1.3191379946377294e-06,0.0006284673455155635,1.292028182961246e-05
40,1.3547001185265844e-06,0.0006222778411886687,1.2932707565232106e-05
41,1.3116494450154342e-06,0.0006255401081104499,1.3032638480406429e-05
42,1.318118696427636e-06,0.0006248871574399389,1.2989887662009193e-05
43,1.341889844786108e-06,0.000623276415040246,1.2891767835838755e-05
44,1.3417655262611588e-06,0.0006205376682598697,1.27493676070249e-05
45,1.3417432507230491e-06,0.0006205504508659022,1.2944659964062251e-05
46,1.3271746289597924e-06,0.0006236450424876795,1.2879687419976964e-05
47,1.3210741624794385e-06,0.0006289064189712337,1.3105645002767658e-05
48,1.3079185400437515e-06,0.0006256650480054466,1.2842116953238792e-05
49,1.3834580469263004e-06,0.0006235492597160424,1.2678010005189497e-05
50,1.3235589272259245e-06,0.000625581277205003,1.305950997805755e-05
51,1.3470351982160112e-06,0.0006240098342275387,1.2869426291756525e-05
52,1.3280107272542084e-06,0.0006174034249179604,1.2891893051835615e-05
53,1.360593329399325e-06,0.0006225574740018074,1.2939817287528592e-05
54,1.3333885659841205e-06,0.0006260242209064789,1.3027584079868261e-05
55,1.3438736813626888e-06,0.0006246824080667392,1.2816360285653471e-05
56,1.3118831370511195e-06,0.0006195609998635615,1.2808333357961337e-05
57,1.4130263723026385e-06,0.0006276383007230003,1.2657250345163225e-05
58,1.3318944293766496e-06,0.0006261858325972529,1.2877241911566758e-05
59,1.3129109169666547e-06,0.0006203782444090704,1.2780252521007342e-05
60,1.3174863612230495e-06,0.0006210991844363075,1.3000974116135544e-05
61,1.3496030074695177e-06,0.0006278657943647672,1.2905811694354059e-05
62,1.3215010773793424e-06,0.000619490844659363,1.2968431601342683e-05
63,1.341577625847777e-06,0.0006273588398264879,1.2577102052163234e-05
64,1.300590112804297e-06,0.0006187610329027135,1.3044110251925208e-05
65,1.3114474877514949e-06,0.0006227122167491779,1.3117298801036351e-05
66,1.3196865095381636e-06,0.0006252136698931522,1.3148665714883969e-05
67,1.309605510067959e-06,0.0006137391141053293,1.2666054554548354e-05
68,1.3291857664427369e-06,0.0006241013128642533,1.2895845445457863e-05
69,1.3541546444914253e-06,0.0006264713968983799,1.2891686574710322e-05
70,1.3102724121867397e-06,0.000621402017924781,1.3006114625063387e-05
71,1.3338403812787004e-06,0.0006246529741319634,1.3208857422705645e-05
72,1.3237336553890009e-06,0.0006239249494202879,1.3227546203844661e-05
73,1.2789090166723913e-06,0.0006200404453518708,1.3094093301937418e-05
74,1.2982042415649711e-06,0.0006223601177510273,1.3207318916032973e-05
75,1.3025451281000511e-06,0.0006163543591216936,1.293892796819062e-05
76,1.3187486465662206e-06,0.0006206923004531661,1.2994794130513513e-05
77,1.3225463770473718e-06,0.000624428030006217,1.2811185974935475e-05
78,1.3811943048248175e-06,0.0006230571877212413,1.2578610393308933e-05
79,1.2926801077493426e-06,0.0006200500736879012,1.3118797348158567e-05
80,1.2722113330836932e-06,0.000608253009773193,1.2890770785507034e-05
81,1.338424168610709e-06,0.0006222474103009072,1.2883306921362339e-05
82,1.2936900211706057e-06,0.0006159003020169974,1.2820962727550091e-05
83,1.3262172703723056e-06,0.0006256463927621943,1.2933971992445508e-05
84,1.3184331229185956e-06,0.0006249191038516275,1.3013571840796428e-05
85,1.3139779847466547e-06,0.0006229097028294267,1.3258276489452169e-05
86,1.3125907955676464e-06,0.0006224741129570298,1.2783369930326893e-05
87,1.3430639731019453e-06,0.000633485378367812,1.3247652222981895e-05
88,1.3335216402351147e-06,0.0006259367540890766,1.304771910139237e-05
89,1.3223621106458828e-06,0.0006204125447071672,1.2867256304024368e-05
90,1.339023726439652e-06,0.0006295442406943977,1.3075577358880861e-05
91,1.2873709452083643e-06,0.000604906126717796,1.283476923225722e-05
92,1.3276392547743864e-06,0.0006306739988054641,1.2835132277891818e-05
93,1.3118476760761366e-06,0.0006203012890702302,1.2800447876783886e-05
94,1.3330249766484858e-06,0.000624348612699902,1.2976535900787553e-05
95,1.33237131582707e-06,0.0006276187072905676,1.2993058704137608e-05
96,1.341588502067893e-06,0.0006243312211227273,1.2835091225828002e-05
97,1.3313057027861349e-06,0.0006234885136651559,1.2868551280202785e-05
98,1.2687873935887696e-06,0.0006155831065435078,1.2730927421787267e-05
99,1.3356951256068392e-06,0.0006296596563363817,1.3061766218625644e-05
100,1.3419388545722956e-06,0.0006185539171778658,1.2904775048365141e-05
101,1.3013745978197062e-06,0.000623732363964957,1.3107719063965965e-05
102,1.2986416951485458e-06,0.0006188197350586964,1.2842685440638893e-05
103,1.3747565924586402e-06,0.0006194646714070493,1.2806670262304696e-05
104,1.3244439869526477e-06,0.0006230958281923789,1.2911474358451093e-05
105,1.3166136662982448e-06,0.0006186948816459879,1.2669309640222339e-05
106,1.3172517568502713e-06,0.0006218352809162273,1.2859624924265412e-05
107,1.3167005657176043e-06,0.0006195022338423133,1.2669370323969173e-05
108,1.3295700952611254e-06,0.0006214519558737001,1.297847622093875e-05
109,1.3347650571166507e-06,0.0006253330887780638,1.3097537207083934e-05
110,1.3213054040659052e-06,0.000624240513631167,1.2929535612189676e-05
111,1.3286401400279525e-06,0.0006223378266139231,1.3057040658663706e-05
112,1.32697017858733e-06,0.0006210739472607834,1.2887475346292192e-05
113,1.32328289966581e-06,0.000617845671110416,1.2849873642085321e-05
114,1.3095325807320698e-06,0.0006212226124628127,1.2839111161035028e-05
115,1.3436775660515122e-06,0.000620376107939805,1.2831212781204643e-05
116,1.3201213417508988e-06,0.0006243188868679572,1.2840814944354836e-05
117,1.3361190370335649e-06,0.0006232475742069329,1.2848982327538966e-05
118,1.2974723232519878e-06,0.0006232561220006939,1.3158136115415909e-05
119,1.3712000949161149e-06,0.0006278131775880626,1.2779945814576882e-05
120,1.3264491747566723e-06,0.0006205852566395632,1.2883983914800908e-05
121,1.304713886386658e-06,0.0006261543910187658,1.2934642685799365e-05
122,1.3008496308096374e-06,0.0006248937076441147,1.3274777045482448e-05
123,1.3292809595769321e-06,0.0006295539921223928,1.310694318797264e-05
124,1.3567491510029718e-06,0.0006303963434826158,1.2934859704616175e-05
125,1.2951908014263054e-06,0.0006211224195091892,1.290686918949518e-05
126,1.3372518490766802e-06,0.0006174954920624961,1.2634038537895504e-05
127,1.3233005874646753e-06,0.0006224313222736528,1.2921378247430341e-05
128,1.2936335443697512e-06,0.0006202482293791464,1.289225641099028e-05
129,1.333844049629111e-06,0.0006275357037793134,1.2872746330950466e-05
130,1.3183502433194248e-06,0.0006195421188684711,1.3025790255708277e-05
131,1.3294781248941582e-06,0.0006234017386923219,1.3196935388977712e-05
132,1.360488144465477e-06,0.0006286203513666687,1.3010648004773724e-05
133,1.3436604932234883e-06,0.0006290311340410995,1.2998016794201361e-05
134,1.3135255423890155e-06,0.0006217615916523469,1.2893379691082135e-05
135,1.2796587345693726e-06,0.0006219020120211656,1.2914719583869588e-05
136,1.2855473723895224e-06,0.0006147363330519444,1.2765205233564675e-05
137,1.3541448765084436e-06,0.0006227613621260932,1.2768890875545494e-05
138,1.3089979190566564e-06,0.0006220512733260726,1.3157096977484743e-05
139,1.2657809856167744e-06,0.00061356994707726,1.2741638067480608e-05
140,1.3437859002396363e-06,0.0006305503373826479,1.3008789195150787e-05
141,1.338758341846055e-06,0.0006244892101017545,1.281661401690128e-05
142,1.3162707492574558e-06,0.0006194741328866428,1.2817480527295071e-05
143,1.3358359897358135e-06,0.0006253085503322039,1.298466689345271e-05
144,1.3242664838625345e-06,0.0006257466989565667,1.295273981963101e-05
145,1.2990673059804727e-06,0.0006186435427701873,1.2986369175765066e-05
146,1.3202787465057567e-06,0.0006266128256658347,1.3087324031661153e-05
147,1.335208970651085e-06,0.0006302051303296539,1.300818405955918e-05
148,1.3178908927434837e-06,0.0006158204242734379,1.289811788425986e-05
149,1.341810481636652e-06,0.0006238952809756728,1.2814686033008748e-05
150,1.3590886494347783e-06,0.0006230197728743938,1.2907682215866786e-05
151,1.3160919545296184e-06,0.0006248685421441275,1.2943161949828342e-05
152,1.288300682774045e-06,0.0006204637416122918,1.3109378623377457e-05
153,1.3113803825622728e-06,0.0006229275901968972,1.2946464280178796e-05
154,1.3509036650553876e-06,0.0006253479605490492,1.2928081751631281e-05
155,1.3386693432059405e-06,0.0006284246494157523,1.2955898743859954e-05
156,1.3182886794779958e-06,0.0006210704727172399,1.2855275449412011e-05
157,1.3482651661302446e-06,0.0006297388808500775,1.286649946382372e-05
158,1.3329692180955814e-06,0.0006189301132239472,1.2820205225399215e-05
159,1.347400497889417e-06,0.0006244560232556569,1.298430059322609e-05
160,1.2929492955307844e-06,0.0006173910926661432,1.2851691898013898e-05
161,1.3229252144965297e-06,0.0006183596511803405,1.2751835851029919e-05
162,1.3165525158408753e-06,0.0006189345088216105,1.2974963078996679e-05
163,1.3145203932013478e-06,0.0006199528691781918,1.279529332486289e-05
164,1.3187410196857416e-06,0.0006220106356020039,1.3023672769234862e-05
165,1.324787532105857e-06,0.0006169136989252639,1.2757615583926866e-05
166,1.3166259290469554e-06,0.0006260719956920633,1.283647874055893e-05
167,1.3336237813851173e-06,0.0006257557973901016,1.3036330306784046e-05
168,1.3574362280007541e-06,0.0006264988027357458,1.2917982486962517e-05
169,1.317359872970895e-06,0.0006168234978666602,1.2730318810870581e-05
170,1.3234340180747363e-06,0.0006205962284711729,1.286116058159826e-05
171,1.323962328946273e-06,0.00062399498771345,1.2941020677687363e-05
172,1.3388427795749307e-06,0.0006234534677160138,1.2708395866533694e-05
173,1.3036685466774501e-06,0.0006179377806230873,1.267195957568483e-05
174,1.3990979123522998e-06,0.000631119228949824,1.2838732126333167e-05
175,1.3557787036291567e-06,0.0006284487471461724,1.3040411817136685e-05
176,1.3174685788130028e-06,0.0006214279814103126,1.2855717019951572e-05
177,1.3209584357830536e-06,0.0006274306298203571,1.3378367492716289e-05
178,1.335507890066671e-06,0.0006238737671843714,1.2911662101487015e-05
179,1.3229176584201986e-06,0.000614397121104688,1.278561293033106e-05
180,1.3142638405674415e-06,0.0006241765595237213,1.2943829158701701e-05
181,1.336295162585251e-06,0.0006253842749664845,1.3067360850554868e-05
182,1.3467301384671982e-06,0.0006258385764645603,1.2998619712858166e-05
183,1.2877219704380605e-06,0.0006132789388567059,1.2859451026845048e-05
184,1.319457409194486e-06,0.000622276754684298,1.2717553975302606e-05
185,1.347776878565932e-06,0.0006272802360823194,1.2988451126258811e-05
186,1.3548753377724324e-06,0.000627572244349794,1.2934072820781269e-05
187,1.3241645565296371e-06,0.0006180449033830673,1.2869023590283364e-05
188,1.289845342880062e-06,0.0006179106363104546,1.2976935310578879e-05
189,1.32969039691097e-06,0.000627850560035388,1.3014988226027373e-05
190,1.3190701552263857e-06,0.000615091524607998,1.277780344523617e-05
191,1.3104747289972617e-06,0.0006154693579939785,1.2990317127750434e-05
192,1.3226360092759963e-06,0.0006213840593304591,1.290530890239554e-05
193,1.2879477658633014e-06,0.000618675525448784,1.2933653893655947e-05
194,1.297714562398993e-06,0.0006175725496984112,1.2840413410075333e-05
195,1.3476653610564684e-06,0.000620657221516018,1.2927146014094118e-05
196,1.2936811062579506e-06,0.0006170582271532762,1.2870220399889883e-05
197,1.2622107866254838e-06,0.000612916673555175,1.2787395620903563e-05
198,1.3124715854043548e-06,0.0006160665309510815,1.2743023218471186e-05
199,1.3437565704980077e-06,0.0006264977306672225,1.3265786483185756e-05
200,1.2980830273769592e-06,0.0006162488094625591,1.2849818640356232e-05
201,1.3158459303787469e-06,0.0006196617239603044,1.3048555864067906e-05
202,1.3860059298616957e-06,0.0006247347227418343,1.2740106878311082e-05
203,1.3388358319118757e-06,0.000625476772894162,1.3056688267922273e-05
204,1.300460752342609e-06,0.0006208222363329613,1.2816551199322902e-05
205,1.2602904214699855e-06,0.0006135785724074405,1.2973039683437972e-05
206,1.320036482406079e-06,0.0006195531821088995,1.2671990776284016e-05
207,1.3249209263484434e-06,0.0006169322700130086,1.2886159545815529e-05
208,1.3347119740549876e-06,0.0006255890020311687,1.2956678678298555e-05
209,1.3177680642486972e-06,0.0006278500017125956,1.305067615610738e-05
210,1.3319913213927369e-06,0.0006178419166832557,1.292144996015466e-05
211,1.3094968768791889e-06,0.0006216216141571133,1.3016765849023791e-05
212,1.3362823357897877e-06,0.0006302183957478311,1.2988158340727764e-05
213,1.3540773716572229e-06,0.0006226079038424197,1.3046561414488359e-05
214,1.3371268549687798e-06,0.0006238335010242506,1.2972513626806738e-05
215,1.3852112666515518e-06,0.0006257894444016779,1.286233927500609e-05
216,1.3460371381465045e-06,0.000620510764451436,1.28998608172665e-05
217,1.3574597729436103e-06,0.0006228828937198818,1.2749228556965535e-05
218,1.2683856837176934e-06,0.0006131396691749489,1.2917003875543983e-05
219,1.3660858820731599e-06,0.0006268218495733457,1.2912703836091625e-05
220,1.3677702878193262e-06,0.0006252393687783699,1.2940533262775082e-05
221,1.3163186920196118e-06,0.0006229943371013328,1.3153008000122787e-05
222,1.299026682588072e-06,0.000615229064001164,1.2944705778539936e-05
223,1.29583242888329e-06,0.0006210952261300707,1.3038717409167252e-05
224,1.3231542443313097e-06,0.00062233416619069,1.3002816378995145e-05
225,1.294908276377731e-06,0.0006190039031090973,1.3064710025291658e-05
226,1.3213199325579546e-06,0.0006210545218299164,1.2926464128838528e-05
227,1.25811452410892e-06,0.0006155344389497736,1.2888460391981413e-05
228,1.277914344379583e-06,0.0006164066990314869,1.2946241767831427e-05
229,1.2787568961372247e-06,0.0006142060096768106,1.2989292165078554e-05
230,1.3227512991399458e-06,0.0006215430962626403,1.3007080805962129e-05
231,1.316377875931131e-06,0.0006266400212314512,1.3183630812154198e-05
232,1.3460796792763148e-06,0.0006194744642465551,1.2924557504660843e-05
233,1.3383143352011138e-06,0.0006205040958520916,1.2881755048210201e-05
234,1.329919889167568e-06,0.0006170826885905531,1.2744376589996328e-05
235,1.3360231022366906e-06,0.0006217231341844841,1.2719124017991123e-05
236,1.3081282434712744e-06,0.0006224704361783536,1.311434713790728e-05
237,1.3696121997774268e-06,0.0006304366932527142,1.3023258470574205e-05
238,1.30997020771438e-06,0.0006249730189518647,1.3256556771486201e-05
239,1.3130750343339748e-06,0.0006212167040601841,1.301556692587846e-05
240,1.375813000081536e-06,0.0006309848730681716,1.3043794133391139e-05
241,1.343295230708046e-06,0.0006238252510797882,1.30352531265716e-05
242,1.3579015387073613e-06,0.0006267911310397709,1.2996682751887769e-05
243,1.3280988281201658e-06,0.0006255578021742539,1.28373971194572e-05
244,1.3525213779462e-06,0.0006249509393665883,1.2856430045051905e-05
245,1.3154706582809407e-06,0.0006228384095528687,1.2893752361049975e-05
246,1.3169962726843712e-06,0.0006236914996572775,1.3089393094862487e-05
247,1.3213019012881517e-06,0.000623802844512838,1.3002172146756033e-05
248,1.3316845884558406e-06,0.0006228645476033154,1.3152525473159855e-05
249,1.3390795770627494e-06,0.0006233110812389714,1.299617007791203e-05
250,1.3278311688164904e-06,0.0006236464915824975,1.2950685543476568e-05
251,1.356637486989759e-06,0.0006228647261491572,1.2690618097308037e-05
252,1.2913647139931138e-06,0.0006175661120825535,1.3017054132071265e-05
253,1.3063317104715868e-06,0.0006232374965016353,1.314250788772158e-05
254,1.3477176005158902e-06,0.0006246992031579169,1.2701527514341906e-05
255,1.301566260064525e-06,0.0006152004280442712,1.2854201962129018e-05
256,1.3212015808969856e-06,0.0006261065334879232,1.293144096351351e-05
257,1.3390097946494557e-06,0.0006196035946197123,1.2908016568449214e-05
258,1.3199367013814713e-06,0.0006254909982208413,1.2953174008067794e-05
259,1.300639156438162e-06,0.0006223361116475871,1.3135326117942816e-05
260,1.3224542331016924e-06,0.0006228686837185048,1.2698763626055827e-05
261,1.3297579935522087e-06,0.000622041553171852,1.297243833550127e-05
262,1.347787097178645e-06,0.0006290643664423154,1.3032636096167667e-05
263,1.3330275105587483e-06,0.0006283375734130873,1.2973603465733567e-05
264,1.3488682231211411e-06,0.0006276988171978651,1.26271562799975e-05
265,1.3073232575772768e-06,0.0006184856830041365,1.29079064346692e-05
266,1.3185856749987138e-06,0.0006099845740871804,1.2667853669513582e-05
267,1.2804748598027027e-06,0.0006138551479077368,1.2838784826168985e-05
268,1.3492402748491043e-06,0.0006232353207588588,1.2985465964576321e-05
269,1.3604808961058396e-06,0.0006245390732812113,1.2822860773762711e-05
270,1.3049101773553178e-06,0.0006204996379693963,1.2844689636951938e-05
271,1.2953681969429539e-06,0.0006188050222319149,1.2913509483118524e-05
272,1.3495945009998702e-06,0.0006219194324005237,1.279280631697786e-05
273,1.331245017119662e-06,0.0006257207448063775,1.286671280523466e-05
274,1.3608617308661812e-06,0.0006314882273397787,1.3251047776701568e-05
275,1.325910080810598e-06,0.0006210869077550902,1.2839315489923513e-05
276,1.3568355303153434e-06,0.0006280287250337213,1.299436831917257e-05
277,1.3447342441519403e-06,0.0006228639552345689,1.2710054340375656e-05
278,1.3612204023595158e-06,0.000628651819194774,1.2761302502424979e-05
279,1.3370654734699507e-06,0.0006248748341056076,1.2985961678238341e-05
280,1.329732395913561e-06,0.0006219405845739482,1.27790685239811e-05
281,1.3165715306663033e-06,0.0006220978791239152,1.2958369782218663e-05
282,1.3127762895279976e-06,0.000626004184647662,1.2906401077958475e-05
283,1.3211648845596438e-06,0.0006180378852636327,1.3094120663892098e-05
284,1.3316771638688184e-06,0.0006322959157246679,1.3304027328043466e-05
285,1.3630044673024868e-06,0.0006243048623152788,1.2884423904356957e-05
286,1.3569710129964605e-06,0.0006262358477060307,1.2850145069123129e-05
287,1.3561669597795561e-06,0.0006272855733175823,1.2998205116637449e-05
288,1.31986712097319e-06,0.0006264972988534218,1.3062480162336596e-05
289,1.268828569314697e-06,0.0006080573135928734,1.277314446152738e-05
290,1.2738109460041196e-06,0.0006163415062699473,1.3060315117184576e-05
291,1.305345749409875e-06,0.0006203172374057791,1.2820910256690441e-05
292,1.3272667624989315e-06,0.0006212577889736802,1.2811702528400937e-05
293,1.3390882726532308e-06,0.0006219133969808982,1.279491780042693e-05
294,1.3207427980960505e-06,0.0006195455338456679,1.2790250273141568e-05
295,1.292410929378408e-06,0.0006158249171797877,1.3013497195562379e-05
296,1.3646433188375708e-06,0.0006256568989599342,1.273520248992334e-05
297,1.2982500354613029e-06,0.0006214478741373932,1.2719024724287118e-05
298,1.3118869591004442e-06,0.0006188899919598878,1.294841481915691e-05
299,1.359639333249122e-06,0.000632140403679808,1.2915143319009749e-05
300,1.3494286738178608e-06,0.0006179284504367993,1.2748779924934777e-05
301,1.3432501856588158e-06,0.0006235787547123592,1.2912765744832361e-05
302,1.2916087048764956e-06,0.0006186273488081311,1.3113647019384906e-05
303,1.3154245814676073e-06,0.0006221138144757244,1.2954030404972568e-05
304,1.3367830501570558e-06,0.0006246596136515938,1.2799622195448198e-05
305,1.3500252243814245e-06,0.000627326395561388,1.305236696477893e-05
306,1.324976318337919e-06,0.0006181279176055895,1.2779758292553934e-05
307,1.3053828089131518e-06,0.0006144118052737149,1.287577090908538e-05
308,1.3452847849118821e-06,0.0006327226671653835,1.3157928765173572e-05
309,1.3577350915273547e-06,0.0006319008564200341,1.3020207236195204e-05
310,1.3163231699360899e-06,0.0006238535916901384,1.2829226853339479e-05
311,1.3107826622078774e-06,0.0006249603407652472,1.3085136782930706e-05
312,1.2994424108807515e-06,0.0006244454282958676,1.3091918726425725e-05
313,1.3134819500601791e-06,0.0006219972504015695,1.2856777822464617e-05
314,1.3370742434232468e-06,0.0006212084041327406,1.2756607702682433e-05
315,1.340650282984948e-06,0.0006312868641296012,1.3105915309153152e-05
316,1.3535702526294235e-06,0.0006278255885209124,1.286441407979935e-05
317,1.3188842270471262e-06,0.0006230205774356248,1.2854424098691165e-05
318,1.366726811783885e-06,0.0006281394621558821,1.3015327548125323e-05
319,1.3247169655895525e-06,0.0006253951576201919,1.2972940532948118e-05
320,1.3800727767196151e-06,0.0006302541631896161,1.3095180543506632e-05
321,1.3441081011985835e-06,0.000624153075908925,1.2805464782810395e-05
322,1.3191646893001268e-06,0.0006265567670725448,1.3255381604614459e-05
323,1.382133179632174e-06,0.0006275545970446496,1.2809651233913491e-05
324,1.3440199248868607e-06,0.0006226545048208172,1.291911077426611e-05
325,1.319884159334514e-06,0.000621000616147865,1.2861730111955566e-05
326,1.302077883750188e-06,0.0006193921164347921,1.2935395914620208e-05
327,1.3382853346548563e-06,0.0006196855690750498,1.2867329969206134e-05
328,1.3491393847919037e-06,0.0006197537931793986,1.288976724382898e-05
329,1.3387236995621752e-06,0.0006220399437844648,1.2668941843015767e-05
330,1.3080789747285824e-06,0.00061893957850597,1.2896436201531424e-05
331,1.3234478472191557e-06,0.0006239036482082113,1.294629195905248e-05
332,1.3103443922135578e-06,0.00062115636372055,1.2811339628419102e-05
333,1.3107816371293851e-06,0.0006262690751271368,1.3050516670670767e-05
334,1.3121603506493489e-06,0.0006218862281114646,1.2989271859477418e-05
335,1.3208097142866861e-06,0.0006198597526795256,1.282639048184939e-05
336,1.302513171697894e-06,0.0006249886785384229,1.2929571631366319e-05
337,1.332469699553042e-06,0.0006231590600478868,1.3150791439252848e-05
338,1.3277447526405277e-06,0.000626753179078592,1.3168516664839665e-05
339,1.337977608154004e-06,0.0006258453176966848,1.2953571904491718e-05
340,1.3162465511709888e-06,0.000623367155279703,1.3052390676315322e-05
341,1.3218921473733804e-06,0.0006247921742208629,1.3018450010087777e-05
342,1.3011386055861806e-06,0.0006205733652340793,1.2753922776004624e-05
343,1.3276647297186821e-06,0.0006179367334761013,1.283294907283834e-05
344,1.350319954304728e-06,0.0006242717064560355,1.3032171742656033e-05
345,1.2983663441744488e-06,0.0006197771221805968,1.2942348982295147e-05
346,1.3205898820774119e-06,0.0006256332081952871,1.2945302566979748e-05
347,1.3575131327290636e-06,0.0006270934605084313,1.2749525754278368e-05
348,1.3607697802971214e-06,0.0006267476295251158,1.2991216320423593e-05
349,1.3518995383751515e-06,0.0006283993641593081,1.2755406998598581e-05
350,1.3396366244432432e-06,0.0006235910409683677,1.3049668068119859e-05
351,1.3511014957934794e-06,0.0006277145122381894,1.310660282389116e-05
352,1.3290367858078465e-06,0.0006223039733017014,1.2690702493198251e-05
353,1.3402851364765757e-06,0.000624946565432137,1.2908164830078937e-05
354,1.3335080853856956e-06,0.0006216415670495738,1.3018400599798994e-05
355,1.3047887578992555e-06,0.0006237600651710848,1.313228094879617e-05
356,1.335210961557925e-06,0.0006252625183939029,1.2815712934624322e-05
357,1.33066128542552e-06,0.0006249139957615836,1.288518504209004e-05
358,1.3268713707585448e-06,0.0006235707730048193,1.288972232045888e-05
359,1.3084603013840688e-06,0.0006237989829139691,1.3057646773241637e-05
360,1.3457577036846179e-06,0.0006271427568836308,1.2776896353668736e-05
361,1.309581455431847e-06,0.0006238647589366519,1.3054492094919554e-05
362,1.3198654411328804e-06,0.0006269333418624585,1.3175498567009133e-05
363,1.3206439312942956e-06,0.0006228152188681519,1.2979823298871527e-05
364,1.330580065002872e-06,0.0006269105927539944,1.3011332416397078e-05
365,1.3478116292928737e-06,0.0006300814789188703,1.294780121943587e-05
366,1.3045315476975267e-06,0.000624682499628072,1.2892480235264537e-05
367,1.3148275721888502e-06,0.0006207134642894814,1.283343122455596e-05
368,1.348310599086346e-06,0.0006236257294380397,1.302018783305985e-05
369,1.3531220545045618e-06,0.0006266539331150678,1.2814940585557301e-05
370,1.3425885562054776e-06,0.0006250828234979523,1.3050779030728742e-05
371,1.3006294355410334e-06,0.0006248551585197806,1.3108483442090714e-05
372,1.3025313660718802e-06,0.00061973553330701,1.292577750446899e-05
373,1.2979726977521801e-06,0.0006239659939686634,1.2931401579872033e-05
374,1.3299029525582056e-06,0.0006166824577128889,1.2815338381777739e-05
375,1.2432081409538257e-06,0.0006098489662980993,1.2815923232461333e-05
376,1.3298145311635621e-06,0.000619038411880595,1.2926463613381661e-05
377,1.297833740229719e-06,0.0006219175938254011,1.3009309429682674e-05
378,1.2919084169363813e-06,0.0006197847338444677,1.2954562450487533e-05
379,1.3603647912455925e-06,0.0006218644561169344,1.2704628732771705e-05
380,1.3158409515139819e-06,0.0006208403802552187,1.2773808326781933e-05
381,1.3859933915076703e-06,0.0006303033829626283,1.2895929013873767e-05
382,1.347307901394808e-06,0.0006314068320071855,1.3001487027056894e-05
383,1.3534308754707175e-06,0.0006284136614383347,1.2862857517515883e-05
384,1.3584503761834394e-06,0.0006206176954049293,1.292278155074182e-05
385,1.333295218800713e-06,0.0006244421124002041,1.2938092975560433e-05
386,1.3530361959751474e-06,0.0006243002783649301,1.2951306962841552e-05
387,1.3066205378403348e-06,0.0006161769354406606,1.2945480969693647e-05
388,1.2900452984838838e-06,0.0006228348205642156,1.2988291892116956e-05
389,1.3170009850771684e-06,0.0006202528007678985,1.2812353639607419e-05
390,1.3757095349906117e-06,0.0006272846788638395,1.2923442547084897e-05
391,1.3215302608903496e-06,0.0006179279290218678,1.2733016297820007e-05
392,1.3132507245255227e-06,0.0006204340987195607,1.2947404539502301e-05
393,1.2786933124879543e-06,0.0006168048741971306,1.2905942772007828e-05
394,1.318256723683798e-06,0.0006317463484887295,1.3092374997050923e-05
395,1.3000516766583274e-06,0.000621650636714508,1.2833207759272709e-05
396,1.3457679035717064e-06,0.0006285532243708546,1.3067987944849163e-05
397,1.3392246317456172e-06,0.0006255662119978826,1.2985282281370748e-05
398,1.2971403498054402e-06,0.0006220947596288458,1.2994141802711552e-05
399,1.3335606832689732e-06,0.0006304377714819129,1.3004961613707207e-05
400,1.3325352282492452e-06,0.0006222276980373764,1.2963213727576537e-05
401,1.3068823252044584e-06,0.0006179470937326839,1.277712850529232e-05
402,1.3096257010196925e-06,0.0006225388325788299,1.3214063258503456e-05
403,1.324783798816754e-06,0.0006192837153558304,1.2813466174515901e-05
404,1.3324222343531212e-06,0.0006229615073177478,1.2898259852288158e-05
405,1.3573607942818013e-06,0.0006206916658665986,1.2826655609045075e-05
406,1.312577179621299e-06,0.0006254567453442606,1.3105021295542641e-05
407,1.3414614861545204e-06,0.0006231034811367039,1.3168414744179448e-05
408,1.3441636364104016e-06,0.0006226113715555902,1.2898160693478236e-05
409,1.3120006922951176e-06,0.0006252449436977574,1.2942253569319448e-05
410,1.3056694379863214e-06,0.0006279127045799935,1.3301118425874632e-05
411,1.2808781799023542e-06,0.0006234365947663788,1.326159995821514e-05
412,1.3090080421163517e-06,0.000621956027365794,1.3084417913805504e-05
413,1.3025850808719157e-06,0.0006201501902772232,1.2930928001656032e-05
414,1.354209709361495e-06,0.0006262865758346335,1.2971221786128823e-05
415,1.3025738229251975e-06,0.0006186979482469535,1.2941113662044137e-05
416,1.3519882802682655e-06,0.0006302611730289418,1.3068420349924438e-05
417,1.332052177468788e-06,0.0006243902909458938,1.2936832152876224e-05
418,1.3370530095144173e-06,0.0006234501695425375,1.2905134113994657e-05
419,1.3087994856022601e-06,0.0006208706732971648,1.3213186381892987e-05
420,1.2665919487748658e-06,0.0006192832145452872,1.314956835400344e-05
421,1.3346867381042808e-06,0.0006220319657334842,1.2860944363456289e-05
422,1.3086804923109933e-06,0.0006263702214538632,1.3075460783701479e-05
423,1.3342175635359782e-06,0.0006236839994634686,1.28152307045843e-05
424,1.3003501786671236e-06,0.0006252040457824878,1.314646520807604e-05
425,1.3445494399598733e-06,0.0006211769733308343,1.2955953122691207e-05
426,1.3774263033289308e-06,0.0006195344081139415,1.2655170236443731e-05
427,1.3141239531484472e-06,0.0006180081041712741,1.2925841665417789e-05
428,1.3726195515575608e-06,0.0006270013669973517,1.2773504346454853e-05
429,1.3032489551871906e-06,0.00061902457732554,1.2826590469776542e-05
430,1.3562903612499585e-06,0.0006280760891581716,1.3040623948379966e-05
431,1.3124809725638204e-06,0.0006233160052848014,1.3110392570094186e-05
432,1.2704882777434994e-06,0.0006153870862234151,1.2993294601656083e-05
433,1.3324363707066795e-06,0.0006183148490747502,1.2751673408950187e-05
434,1.2901911127510185e-06,0.0006176939635522055,1.3028363819395767e-05
435,1.3330644243997605e-06,0.0006201777561212837,1.2929216101131794e-05
436,1.3086816019725314e-06,0.0006209748995877588,1.2974568481539257e-05
437,1.3748487104305247e-06,0.000625582426732106,1.274883972764546e-05
438,1.3332112421836578e-06,0.0006332120193774689,1.3299099038205045e-05
439,1.3390863393986778e-06,0.0006224683044564182,1.2781843655790502e-05
440,1.3186598933524723e-06,0.0006171894405281431,1.2692853325657502e-05
441,1.3155412552715158e-06,0.0006235135217274516,1.3100705929654108e-05
442,1.2835553582057688e-06,0.0006135526178655046,1.2818419729393885e-05
443,1.310448869794013e-06,0.0006148978716028068,1.2925704338441899e-05
444,1.3004828143871686e-06,0.0006197942500411665,1.2842190722437875e-05
445,1.348052826922923e-06,0.0006277939158828486,1.2930155903454866e-05
446,1.3390265690852618e-06,0.0006290287595772501,1.3025190838068394e-05
447,1.3243940699395848e-06,0.0006238279585192218,1.2902027576376049e-05
448,1.3342777695377128e-06,0.0006237590355224634,1.275177213586496e-05
449,1.3436982904933432e-06,0.0006224220422696328,1.2990540442569118e-05
450,1.336364519708394e-06,0.0006247509869335536,1.2907123055871945e-05
451,1.3095004088419759e-06,0.0006191631408104365,1.29249628316348e-05
452,1.3520032135270445e-06,0.0006298364607165871,1.3009738537489403e-05
453,1.3101145182505188e-06,0.0006232342499604024,1.2930383936439593e-05
454,1.3348746428725494e-06,0.0006257136673174585,1.2999302249643611e-05
455,1.3057900083390076e-06,0.0006214969070525624,1.2865840953745745e-05
456,1.3335145610689786e-06,0.0006205902309353218,1.3062865327746693e-05
457,1.326715203249884e-06,0.0006216893490984196,1.2844293230798156e-05
458,1.2884218450379428e-06,0.0006223081951704987,1.2939747040132873e-05
459,1.2973967649375483e-06,0.000621507415672059,1.3021847743692967e-05
460,1.3269682293060531e-06,0.0006195528349792298,1.2853980419133693e-05
461,1.321111300497991e-06,0.0006182240138840109,1.2908276651894636e-05
462,1.3042393016059357e-06,0.0006236540339356815,1.3126905533720698e-05
463,1.342486728405812e-06,0.0006284338599420747,1.2991010427988027e-05
464,1.3445218364746478e-06,0.0006257368179896725,1.2986507960399816e-05
465,1.297622857711084e-06,0.0006227840588751083,1.306604736376385e-05
466,1.3208845719750907e-06,0.0006253938717977535,1.285424576573202e-05
467,1.327722358908039e-06,0.0006270909688562942,1.3042632664187067e-05
468,1.3234003174988794e-06,0.0006249177059187386,1.310321453466101e-05
469,1.3139219903540091e-06,0.0006196679052577368,1.2885103811104738e-05
470,1.2994355463536005e-06,0.0006171160603171442,1.3187488672148512e-05
471,1.3563792929440535e-06,0.000628658078132647,1.3115742287976623e-05
472,1.2756878989339363e-06,0.0006212107306602712,1.3182181985091693e-05
473,1.345867052801172e-06,0.0006259862368280285,1.3144500269481399e-05
474,1.348401223615977e-06,0.0006288030244206109,1.2888415637064175e-05
475,1.3223813037054953e-06,0.0006260726891243826,1.3314281230456952e-05
476,1.30897373013023e-06,0.0006240378740585195,1.3065312935268626e-05
477,1.3180333303707884e-06,0.0006142551073525619,1.277591712458771e-05
478,1.32475901504799e-06,0.000624457235088764,1.302131963776096e-05
479,1.3420743891238307e-06,0.0006241552367488974,1.2863913437406152e-05
480,1.3347626789696552e-06,0.0006206937880913869,1.2875640435767864e-05
481,1.3048747881244984e-06,0.0006219732658402764,1.3038774645439636e-05
482,1.3297619969945115e-06,0.0006228131579819689,1.2661665701271093e-05
483,1.3328138300342957e-06,0.0006299144839374608,1.3089364679434158e-05
484,1.317750935234858e-06,0.0006232667122993603,1.2673001336735143e-05
485,1.354654525374593e-06,0.0006272780310778393,1.2985251447498675e-05
486,1.331856459183186e-06,0.0006202392247524971,1.2766541922482386e-05
487,1.306247429910417e-06,0.00062457359410782,1.3006394052921007e-05
488,1.296271700159535e-06,0.0006240286839371277,1.310321194450016e-05
489,1.351352261252215e-06,0.0006227250205943795,1.3134556471545962e-05
490,1.3026712955697758e-06,0.0006190555796029089,1.28988796642027e-05
491,1.310793200947586e-06,0.00062369914939266,1.3062395930993769e-05
492,1.3483442564082497e-06,0.0006208839879318451,1.2850558182839228e-05
493,1.3264071825426937e-06,0.0006261110265914422,1.309019616039504e-05
494,1.3662064765702585e-06,0.000618944691872977,1.250308498137917e-05
495,1.3211701332924457e-06,0.0006153854170441214,1.2839234020002007e-05
496,1.3125360968857294e-06,0.0006196576203421504,1.2979747171135152e-05
497,1.3174510976439778e-06,0.0006162861223499293,1.2779240705428882e-05
498,1.320850625130594e-06,0.0006215398022832531,1.2891450030978694e-05
499,1.3270059513657548e-06,0.0006237601013000183,1.299858713223995e-05
500,1.3933599199918727e-06,0.0006340365994651786,1.2754938290757279e-05
501,1.33597232938979e-06,0.000623885322842171,1.2966568171957656e-05
502,1.2993263639261264e-06,0.0006204239649725417,1.3003003373921972e-05
503,1.3232232787547083e-06,0.0006240677295035647,1.2930739509720748e-05
504,1.3334607453728313e-06,0.0006219391970667147,1.2898857408066742e-05
505,1.3088448768256318e-06,0.0006172501648983229,1.300650829879072e-05
506,1.3231936721497523e-06,0.0006234933034398574,1.2823899286044849e-05
507,1.329417927190134e-06,0.0006116492031823567,1.2665663549145517e-05
508,1.2434319986752477e-06,0.0006142294838733034,1.2906958732926165e-05
509,1.3345862005148588e-06,0.0006185038107918136,1.2924963399535524e-05
510,1.3148364606108581e-06,0.000622518663606083,1.2982726407127802e-05
511,1.2934091902395884e-06,0.0006169156573157183,1.295802193212381e-05
512,1.3310220696821128e-06,0.0006274580496593241,1.3043015067758048e-05
513,1.3472996589872006e-06,0.0006234084990109191,1.281541892546654e-05
514,1.3296627468395256e-06,0.0006290985513673654,1.3035845040167608e-05
515,1.3540803410917201e-06,0.000628608324153899,1.308910836924025e-05
516,1.3234926875247328e-06,0.0006253529901245328,1.2989409655198764e-05
517,1.3543222998047175e-06,0.0006267358869563632,1.2943405897405852e-05
518,1.3063752182919991e-06,0.000623263224806734,1.291451966402573e-05
519,1.272395572929617e-06,0.000620035987228826,1.2769762460980036e-05
520,1.3283759435498188e-06,0.0006216853572331217,1.2896239071212718e-05
521,1.3550476395378258e-06,0.0006236245971251274,1.3163386034423206e-05
522,1.3405783303250702e-06,0.0006259348853372267,1.3012423285244244e-05
523,1.3074551440339128e-06,0.0006312116301425005,1.3389756477864621e-05
524,1.3456886612272784e-06,0.0006218156266278194,1.3103324884709782e-05
525,1.3628879190966757e-06,0.0006287602556399948,1.302448176810728e-05
526,1.365012991252717e-06,0.0006282864903346476,1.2889347952483613e-05
527,1.29741332573517e-06,0.0006166741717582605,1.3020875786729288e-05
528,1.2960411704243328e-06,0.0006249835285222134,1.306070093258153e-05
529,1.3056929343043949e-06,0.000614972850293662,1.2743085253306586e-05
530,1.3543101488134022e-06,0.0006210715348430059,1.2755130748877005e-05
531,1.2869318701928674e-06,0.0006133049520276604,1.2861258217168756e-05
532,1.3321483289518845e-06,0.0006191404367810971,1.2672077612603092e-05
533,1.2948662799794243e-06,0.0006194825246697939,1.2730619768222481e-05
534,1.3689890601302149e-06,0.0006298198525733004,1.3101568347827763e-05
535,1.3037283501651185e-06,0.0006236996530514525,1.2972419476901897e-05
536,1.341833318273857e-06,0.0006247541514924997,1.301000098522626e-05
537,1.3403397356739303e-06,0.0006239592758807911,1.2866366186869537e-05
538,1.3202112640789721e-06,0.0006237683065493267,1.3015252637979953e-05
539,1.345998680048835e-06,0.00062693431146416,1.2894639036139452e-05
540,1.3056520325253204e-06,0.0006148573268367032,1.2745202255772098e-05
541,1.2995158301972024e-06,0.0006203146962558968,1.2950048307256436e-05
542,1.3538931154686218e-06,0.0006296105198814099,1.2917131800098006e-05
543,1.3045689401733978e-06,0.0006259845818576835,1.3131909161936606e-05
544,1.3458829815053645e-06,0.0006210719314305404,1.2994493413149756e-05
545,1.320317118673852e-06,0.0006242676381633995,1.2825218057193375e-05
546,1.3243468670392598e-06,0.0006162902339451841,1.2921456979483595e-05
547,1.3421221305113814e-06,0.0006204803132355857,1.2601658248756575e-05
548,1.3515804831664544e-06,0.0006195092047591428,1.285644664004351e-05
549,1.2722772272165556e-06,0.0006164273372748386,1.2922335311057516e-05
550,1.3552953750991448e-06,0.0006287230918161334,1.3106533563989028e-05
551,1.3087319366605738e-06,0.0006251642762628011,1.3163884490005037e-05
552,1.3150247288860238e-06,0.000624113737571463,1.314910882643642e-05
553,1.3289041140890376e-06,0.0006264020959903376,1.2722666111915099e-05
554,1.346118712977253e-06,0.0006300345578100355,1.2845568089061937e-05
555,1.3062200109877768e-06,0.0006210415653236948,1.2933143467596537e-05
556,1.3243074595988447e-06,0.0006225860262990396,1.3113731748691891e-05
557,1.3404358803394165e-06,0.0006242069771180798,1.2908711522197456e-05
558,1.322103222965777e-06,0.0006253044572647173,1.2901948028932163e-05
559,1.325060663160439e-06,0.0006174838755237426,1.2789469197972857e-05
560,1.3289807470660182e-06,0.0006247316955128149,1.2901105319472311e-05
561,1.3206740438897042e-06,0.0006246499479840321,1.293811578307176e-05
562,1.3118828186247624e-06,0.0006220869322868295,1.284070202830203e-05
563,1.3175433009960032e-06,0.0006201039494945741,1.2886296406336212e-05
564,1.361959350753151e-06,0.000633904731843522,1.3155226303660615e-05
565,1.3658271805693398e-06,0.000626653072925381,1.2723719427551596e-05
566,1.4307404519001432e-06,0.0006317957144009864,1.2888693923577507e-05
567,1.3062523079385618e-06,0.000616159950804252,1.2850288655621084e-05
568,1.3074397295005596e-06,0.000623219621444727,1.295172614479937e-05
569,1.3236450592391576e-06,0.0006227982278439495,1.2838172631188168e-05
570,1.2951895504465425e-06,0.0006148788951182122,1.2887556996396712e-05
571,1.3162085551255648e-06,0.0006225537626674053,1.2926847411978245e-05
572,1.2948033172037846e-06,0.0006234515704121825,1.2890618134926603e-05
573,1.2775680414472394e-06,0.0006162422808191147,1.2891499552748264e-05
574,1.3054275145191142e-06,0.0006176405910484169,1.2902253577246353e-05
575,1.3086014841264008e-06,0.000621120553903944,1.2783061003024651e-05
576,1.3072829584519134e-06,0.0006279825211286307,1.3199353406860747e-05
577,1.3283900380425737e-06,0.0006247914808697228,1.2853634880801542e-05
578,1.3039122388311026e-06,0.0006211423466695793,1.2893142967103462e-05
579,1.333126953894093e-06,0.0006175379479338191,1.291427117153818e-05
580,1.3158905740898089e-06,0.0006219508017829597,1.30746089310829e-05
581,1.3298463664588793e-06,0.0006228095039910659,1.268058746065092e-05
582,1.3090121046892684e-06,0.0006259118332000012,1.317254233954221e-05
583,1.2940595335906889e-06,0.0006125036523448166,1.2927962982352918e-05
584,1.3358508838385808e-06,0.0006212553519929569,1.2787075011322249e-05
585,1.351618602821361e-06,0.0006177071408957352,1.2696232019398572e-05
586,1.2851767022633664e-06,0.0006179855922190938,1.2869052265925137e-05
587,1.3147287754378326e-06,0.0006242816112331658,1.312186375380304e-05
588,1.3040664469710153e-06,0.0006203706520051158,1.297049026961255e-05
589,1.3957192707108102e-06,0.0006324830427020698,1.2764636293255381e-05
590,1.3961584216650025e-06,0.0006300957047228629,1.2931920242845805e-05
591,1.3175213763662229e-06,0.000621797243904465,1.279558098272304e-05
592,1.294795228077053e-06,0.0006180103619496507,1.2936310245401248e-05
593,1.3119388473211547e-06,0.000614373882229823,1.2789909209964396e-05
594,1.3693918623672378e-06,0.0006280039744564455,1.3095941545647733e-05
595,1.3052795894480146e-06,0.0006214892511593441,1.2863019135813995e-05
596,1.3341571724940145e-06,0.0006213764321608543,1.2941663086678991e-05
597,1.3089489532959009e-06,0.0006190389245567101,1.3061513528674299e-05
598,1.3096139527945806e-06,0.0006259699664101187,1.2808246633022556e-05
599,1.327348120352127e-06,0.0006252679305522146,1.3011183119137981e-05
600,1.335494204094023e-06,0.0006251335618524094,1.2754480937821962e-05
601,1.3407853305610864e-06,0.0006173863373809364,1.2858628147595028e-05
602,1.285854482394882e-06,0.0006136140439853961,1.2880563907925208e-05
603,1.3546322434618425e-06,0.0006279506024805814,1.2931580759991598e-05
604,1.3561589832559742e-06,0.0006314998848606361,1.2951853132382656e-05
605,1.3586825735390702e-06,0.000631282927235327,1.2942198137917393e-05
606,1.3509854330330638e-06,0.000622945001987028,1.2930011076536354e-05
607,1.2977679592801117e-06,0.0006178540358645853,1.3088590714783657e-05
608,1.3011054045759534e-06,0.0006189906942526515,1.3067248508260403e-05
609,1.3178570279655409e-06,0.0006292323285215029,1.2930781440694735e-05
610,1.2850536244682147e-06,0.0006268176236940812,1.3197560608719976e-05
611,1.288424371288904e-06,0.0006148974397333293,1.2758749847276064e-05
612,1.3179433272396587e-06,0.0006263396476735701,1.3079989229939536e-05
613,1.334804773809147e-06,0.0006222545152044867,1.2921152156519291e-05
614,1.3321768985701683e-06,0.0006243239212481193,1.3036804460739673e-05
615,1.3645227723945052e-06,0.0006271874293566724,1.264209222243493e-05
616,1.3394843473742244e-06,0.0006206591671115491,1.2910809167077213e-05
617,1.2961142871137252e-06,0.0006241345872457301,1.3236251495400924e-05
618,1.2961565155091467e-06,0.0006206972440806288,1.3073390689423116e-05
619,1.3296280730922017e-06,0.0006184986677642049,1.2769421453020863e-05
620,1.3224295755015166e-06,0.0006248173073106358,1.2927654856057491e-05
621,1.289986125594983e-06,0.0006214029792785005,1.30827091746652e-05
622,1.3544128965613132e-06,0.0006252242793441818,1.2760923524221521e-05
623,1.324150987058712e-06,0.000620945629381567,1.2903798603654374e-05
624,1.3439869105610332e-06,0.0006168171493525801,1.2700569759053622e-05
625,1.3259801128239578e-06,0.0006197974444034478,1.2805771615621365e-05
626,1.3342235745359402e-06,0.0006218445200019932,1.2956856297302551e-05
627,1.2870519253026253e-06,0.0006121311411617489,1.2747753955083443e-05
628,1.3030924979272023e-06,0.0006205298991773842,1.3120971571625901e-05
629,1.3070207893486458e-06,0.0006249164346513289,1.3049173151557574e-05
630,1.3190077980595654e-06,0.0006219103605382677,1.2702049181462156e-05
631,1.2946564882399979e-06,0.0006140605455708616,1.2773994209351332e-05
632,1.2752643035662209e-06,0.0006120273093249605,1.2919276674060318e-05
633,1.351090512373684e-06,0.0006239023403967347,1.2811025782506077e-05
634,1.3086679107011105e-06,0.0006253596017008501,1.29545150683735e-05
635,1.3569110330878475e-06,0.0006217251931248403,1.2902350304197802e-05
636,1.3125640514527225e-06,0.0006176513212599492,1.3052184285160065e-05
637,1.3346439826686294e-06,0.0006274117356252369,1.3366680803730284e-05
638,1.3393572864407598e-06,0.0006234098632395563,1.2866974130368641e-05
639,1.32183250303338e-06,0.0006209877584131723,1.2914474004256195e-05
640,1.3219955021281785e-06,0.0006222854499253064,1.2981321320391101e-05
641,1.3340512495099828e-06,0.0006290500523287344,1.3198093829702605e-05
642,1.3209463956987937e-06,0.0006210120764008136,1.2889392252471865e-05
643,1.3544005275965302e-06,0.0006290034647138411,1.303790512804636e-05
644,1.3600399217998047e-06,0.0006228064277291655,1.2532486454861986e-05
645,1.3038704788774581e-06,0.0006158987519131689,1.2841451952271992e-05
646,1.4113880436840033e-06,0.0006325964608305464,1.271784753054144e-05
647,1.2806013878905301e-06,0.0006148615633316642,1.2832926191635122e-05
648,1.3608204298432203e-06,0.0006285861107255907,1.2869493185255145e-05
649,1.345731744171882e-06,0.0006256565997141986,1.2896726374930409e-05
650,1.3295176892649238e-06,0.0006259461253026937,1.3061717361307085e-05
651,1.3118823163637883e-06,0.0006267067134699754,1.3238278771273534e-05
652,1.3511180599606862e-06,0.000626812621835556,1.309748896382777e-05
653,1.3317032148658368e-06,0.0006153833942828796,1.260054947360965e-05
654,1.337331852867676e-06,0.0006296503332417341,1.2942755862623477e-05
655,1.3122340535432995e-06,0.0006199310546339018,1.3103431165842663e-05
656,1.3436947943590491e-06,0.00062114347672562,1.2758003382830222e-05
657,1.3755814935124305e-06,0.0006286120225270179,1.3029752006646693e-05
658,1.3046218780185296e-06,0.0006222497042407129,1.3101615942561319e-05
659,1.343418458258738e-06,0.0006302297502711457,1.3071362193330248e-05
660,1.3798162741267283e-06,0.0006291553333475289,1.2974346752497929e-05
661,1.3188047812797526e-06,0.0006199881608058406,1.2868029434988082e-05
662,1.33086191398118e-06,0.0006248910150303793,1.3001797427147063e-05
663,1.289535852694391e-06,0.0006266447006248786,1.3092161243726964e-05
664,1.3266722114653133e-06,0.0006187618725486298,1.2809042301941886e-05
665,1.3329350295101663e-06,0.0006238886169056527,1.2984793817183351e-05
666,1.3435871171715812e-06,0.0006288930874591109,1.2950595900718955e-05
667,1.3040560053121455e-06,0.000623571664847795,1.3015473579106194e-05
668,1.320542693202963e-06,0.0006271455050650799,1.297520287709905e-05
669,1.3127625633501581e-06,0.0006197844250161534,1.2832401091323112e-05
670,1.3152885312774964e-06,0.000617825261806288,1.279373746358978e-05
671,1.3647164630764135e-06,0.0006280231205292924,1.3000290439977977e-05
672,1.3203875866341062e-06,0.0006206797155662059,1.2961670894686295e-05
673,1.2796440619865762e-06,0.0006208437436431948,1.3099727011303651e-05
674,1.3362583054634465e-06,0.0006250952524141468,1.3033612991661056e-05
675,1.3542092347733416e-06,0.0006264145515877513,1.3051942099259105e-05
676,1.3253676835289026e-06,0.0006164543073433982,1.2769822977924997e-05
677,1.333012100168558e-06,0.0006223094227834107,1.292322293190665e-05
678,1.2724049711464903e-06,0.0006125084382447895,1.2889293935740963e-05
679,1.3298660365595068e-06,0.00062313287433598,1.2873082410964871e-05
680,1.2853693809897234e-06,0.0006184797475630415,1.296355014398509e-05
681,1.317738573075514e-06,0.000624319940060883,1.2983769724771684e-05
682,1.3349515439692242e-06,0.0006202257033809683,1.2813619765416077e-05
683,1.2837510588083242e-06,0.0006161342917487916,1.2963293254970587e-05
684,1.330962250284263e-06,0.0006242009134126443,1.2932587827914753e-05
685,1.3435163537296071e-06,0.0006248916400993372,1.2836534612550668e-05
686,1.2872687472361091e-06,0.0006228084364039514,1.2959018408751729e-05
687,1.332300246028745e-06,0.0006236818171532828,1.2938035436585033e-05
688,1.3273655092914584e-06,0.0006247851502163005,1.2967717484094384e-05
689,1.3342786205108924e-06,0.0006296837541664945,1.2950029264497709e-05
690,1.3134323907507564e-06,0.0006226978553658301,1.310955276086061e-05
691,1.3420210709528128e-06,0.0006282573680407674,1.3142861901157705e-05
692,1.3063920435181825e-06,0.0006236370170808544,1.3288031764015423e-05
693,1.3318742033955523e-06,0.0006281161072314107,1.3126112486718944e-05
694,1.3016067882870027e-06,0.0006212495390168138,1.3116952646185735e-05
695,1.2969394981877575e-06,0.0006150927845262078,1.2740343737467445e-05
696,1.3426798155620072e-06,0.0006227329681727442,1.2746443942880295e-05
697,1.3127764525889391e-06,0.0006268246892063648,1.3112390328465466e-05
698,1.3107458469751427e-06,0.0006225378492311311,1.307127587786428e-05
699,1.3325896506490073e-06,0.0006213160587480109,1.3120711147300273e-05
700,1.2698686006439303e-06,0.0006159869331760967,1.2983013199962236e-05
701,1.2967237247071936e-06,0.0006191387947766901,1.3056287496286128e-05
702,1.3402791533162666e-06,0.000626975701867416,1.2870083929775673e-05
703,1.2980668540604127e-06,0.0006189276306867801,1.3099986910908322e-05
704,1.2975584999769843e-06,0.0006170691716458179,1.281450396318929e-05
705,1.3205692486092322e-06,0.0006218977184362994,1.29814043782988e-05
706,1.3225394727159483e-06,0.0006246649951332187,1.3006972279261692e-05
707,1.3686759224771504e-06,0.0006220530556229808,1.2708099493866023e-05
708,1.3411286639122374e-06,0.0006242962857141765,1.307641705510134e-05
709,1.3025415513855549e-06,0.000619955897877874,1.2876256644206226e-05
710,1.3453851318920504e-06,0.0006180734622931105,1.291292810315312e-05
711,1.3276519547400298e-06,0.000623992343372398,1.2910297388915372e-05
712,1.3139874160463741e-06,0.0006146380967895821,1.2631043318227106e-05
713,1.3360051614739973e-06,0.0006234328379186655,1.2861645537942973e-05
714,1.2802793190741326e-06,0.0006171299094569414,1.3067822042278561e-05
715,1.3141449035918543e-06,0.0006257331419467578,1.2855434777911215e-05
716,1.330582392450988e-06,0.0006243475474651677,1.3263726716808883e-05
717,1.3196770922968352e-06,0.0006246422347126898,1.2991927566038226e-05
718,1.2945764712161399e-06,0.0006240124791221463,1.3142921487797079e-05
719,1.3223670629883708e-06,0.0006185264751398086,1.2923167095223915e-05
720,1.3290944837928253e-06,0.0006191691234532494,1.2859481775104882e-05
721,1.3417501966004343e-06,0.0006236846347383901,1.2925229588293935e-05
722,1.3390771041057298e-06,0.000627049647620248,1.3037316350785175e-05
723,1.3503729713616624e-06,0.0006300647801564988,1.3178189326702346e-05
724,1.320925246987674e-06,0.000620439865406636,1.2744507206354149e-05
725,1.3873409144253105e-06,0.0006289077677140042,1.293732341238722e-05
726,1.2815485459069757e-06,0.0006154916412166397,1.2834679287961651e-05
727,1.2939941950892045e-06,0.0006183055295329111,1.3170834026336937e-05
728,1.3536131675693667e-06,0.0006299395273655053,1.3164163684752236e-05
729,1.3257167895902262e-06,0.0006223568671731415,1.3023912320457994e-05
730,1.3226208020328648e-06,0.0006256382590713347,1.3027613939006957e-05
731,1.3308521461946944e-06,0.000626752376635476,1.3117413034202489e-05
732,1.38951190050199e-06,0.0006276585773211548,1.2741502324696559e-05
733,1.409564391431266e-06,0.0006369912759313606,1.3063712307824144e-05
734,1.3362631494639442e-06,0.0006221257601590647,1.2779533614859396e-05
735,1.303443305675023e-06,0.0006200945150639526,1.2919900503740195e-05
736,1.3407902353322944e-06,0.0006277734891736694,1.3073208763349183e-05
737,1.3188184567527309e-06,0.0006257682967213905,1.295710590098314e-05
738,1.319729342511589e-06,0.0006177959514187764,1.267480171960355e-05
739,1.3085946161634566e-06,0.0006223818172952858,1.3012752540985053e-05
740,1.3621272450099902e-06,0.000626029854960118,1.3012768251647764e-05
741,1.3442166330512155e-06,0.000626557244258068,1.2718813140571131e-05
742,1.314316651902569e-06,0.0006219004193123754,1.292789703035963e-05
743,1.3100818781664628e-06,0.0006220980193323097,1.299570964993354e-05
744,1.3032371418058064e-06,0.0006207243002524044,1.2959228041647014e-05
745,1.3169095656394247e-06,0.0006283305591915157,1.3121228060955036e-05
746,1.3845763478104906e-06,0.0006384398743931039,1.2867404989849752e-05
747,1.3262116654369879e-06,0.0006244558114459827,1.2840254514917712e-05
748,1.332891184159951e-06,0.0006262153731271732,1.3153339033293826e-05
749,1.2949685369573498e-06,0.0006174314332072606,1.3149327612588564e-05
750,1.3396490532960776e-06,0.0006230092143738825,1.2844340324341207e-05
751,1.402901180829724e-06,0.0006260204384331072,1.2847871800718446e-05
752,1.3181396499313803e-06,0.0006244013286139912,1.3011021473311215e-05
753,1.3183329380951487e-06,0.0006207772247891148,1.280273791272495e-05
754,1.3510666720085636e-06,0.0006251561806616282,1.2934665073199279e-05
755,1.3554425002843517e-06,0.0006130358569648073,1.2987697231397744e-05
756,1.3082920614054359e-06,0.0006198486454244336,1.2841523200755193e-05
757,1.3110423453507614e-06,0.0006226060396876963,1.2959777535263987e-05
758,1.3421420436939887e-06,0.0006245033550928885,1.2794274844748273e-05
759,1.313083430397252e-06,0.0006205572424024635,1.299684300825833e-05
760,1.358432136745926e-06,0.0006230285294263469,1.2767728144567463e-05
761,1.3242302100312827e-06,0.0006266396196354447,1.3079577063342057e-05
762,1.3205955947005098e-06,0.0006199519844996841,1.2970541853331214e-05
763,1.3181374241690764e-06,0.0006271193788767767,1.2853237150514057e-05
764,1.3201514676805536e-06,0.0006219923716626995,1.2934659139173722e-05
765,1.3371572514242527e-06,0.0006221123669372748,1.3017649468574421e-05
766,1.3254812919065549e-06,0.0006201683013545227,1.2871475999436269e-05
767,1.375138777767491e-06,0.0006279085994480124,1.2963023013354703e-05
768,1.3325216303940504e-06,0.0006192019605197975,1.299492269061647e-05
769,1.3321439602725355e-06,0.0006183960471641256,1.2756446334889573e-05
770,1.2691919153053125e-06,0.0006156871361771533,1.3066641440559705e-05
771,1.3060515147560114e-06,0.0006194407590792429,1.2947365664795227e-05
772,1.3454261086987953e-06,0.0006225436146684396,1.2826626372629939e-05
773,1.3189065560486881e-06,0.0006209525199396182,1.3032049019503668e-05
774,1.3622695596716356e-06,0.0006288700575528936,1.3002825197644046e-05
775,1.3277431552032567e-06,0.0006200756269610162,1.2885807824780892e-05
776,1.2940172435566484e-06,0.0006192349932482388,1.2972237026908447e-05
777,1.317874901678648e-06,0.0006185317746335859,1.2857270603178414e-05
778,1.3282573258751681e-06,0.0006256840209587981,1.2824932323259524e-05
779,1.2371828158235956e-06,0.0006143959550098881,1.2894510554179936e-05
780,1.361083494752581e-06,0.0006287355684328937,1.3007151471544142e-05
781,1.3462779129265038e-06,0.0006242621795444445,1.2764737177236607e-05
782,1.3512502118231585e-06,0.0006356786894068995,1.3014031418498685e-05
783,1.2999186350416213e-06,0.0006202257982115802,1.2971128386946014e-05
784,1.294710142268278e-06,0.0006160454049113885,1.2756137495896619e-05
785,1.3066887616777626e-06,0.0006198514652844177,1.2695754431462519e-05
786,1.2916489293618624e-06,0.0006181559996610779,1.2896259520774125e-05
787,1.320432848616483e-06,0.000620125258179129,1.2768919954156426e-05
788,1.3228898161058217e-06,0.0006242330522584988,1.310519974578416e-05
789,1.318637554452208e-06,0.000623995275447956,1.31213305326879e-05
790,1.3107488024322344e-06,0.0006134921360169518,1.3018421871140504e-05
791,1.3363152210625202e-06,0.0006199365373588177,1.286515713926542e-05
792,1.3181844126302951e-06,0.0006244123640741218,1.3058054736004189e-05
793,1.3424181311167595e-06,0.0006250699922648991,1.2841345043861568e-05
794,1.3240997736542007e-06,0.0006206424831401706,1.2722442586930464e-05
795,1.3401317470779412e-06,0.0006265374144915777,1.2874420120466435e-05
796,1.3962037080706506e-06,0.0006302445039201825,1.2944176415856173e-05
797,1.315030671152303e-06,0.0006156786800874327,1.2950455526641936e-05
798,1.332668635171141e-06,0.0006268139819096033,1.3090706668100074e-05
799,1.297895817718962e-06,0.0006211128206237402,1.2826952455542755e-05
800,1.3456555662346794e-06,0.0006278913778308815,1.279377036829613e-05
801,1.3668124187179804e-06,0.0006282645684289816,1.280037609762676e-05
802,1.3304553517526114e-06,0.0006247554801038619,1.3101705015103731e-05
803,1.3362811709461361e-06,0.0006265411991837483,1.2915014111602907e-05
804,1.325368046903252e-06,0.000621497072353138,1.2951110574686563e-05
805,1.328797278015095e-06,0.0006247030981670281,1.3135839586076054e-05
806,1.3393519505751724e-06,0.00062700359651843,1.2971922613923162e-05
807,1.3338057024633088e-06,0.0006266873568814,1.292861299704425e-05
808,1.3631538590218144e-06,0.0006281683828218315,1.302856423193624e-05
809,1.2853175239451265e-06,0.0006179471692801124,1.2945788746037148e-05
810,1.3310341824235158e-06,0.0006184243482511357,1.285382944314466e-05
811,1.3876505510486573e-06,0.0006353282987239876,1.2818594855640211e-05
812,1.3157570237489006e-06,0.0006196485123665264,1.2915830768989928e-05
813,1.3741086064060968e-06,0.0006357289276937325,1.3137858221862432e-05
814,1.3075241628925417e-06,0.0006264245519172051,1.3162665603246195e-05
815,1.2924064469509772e-06,0.0006169463922307672,1.2861719479987113e-05
816,1.3281788721165363e-06,0.0006220885613564737,1.2820302209479798e-05
817,1.347263140019712e-06,0.0006236457576267529,1.2869427098051051e-05
818,1.3546559806723694e-06,0.0006206211556713284,1.286087565114177e-05
819,1.3545945906682325e-06,0.0006304556253400693,1.302144778047645e-05
820,1.315558897841255e-06,0.0006183845577878613,1.2855817960638242e-05
821,1.3357534995107337e-06,0.000628625505341841,1.2898618705166999e-05
822,1.3260083494913793e-06,0.0006239238570130983,1.3039101245395399e-05
823,1.306572439250112e-06,0.00061948955704282,1.2998894911143869e-05
824,1.3149289590136605e-06,0.000623061881054356,1.2952799497482843e-05
825,1.317668442935671e-06,0.0006229049082315245,1.2883303356219776e-05
826,1.296669150207169e-06,0.0006215681792501397,1.3134211220748064e-05
827,1.2978149905476062e-06,0.0006184524889114238,1.3019457754938254e-05
828,1.360530999144915e-06,0.000623022817369139,1.2797956374303124e-05
829,1.317964435131083e-06,0.0006204775786893628,1.3061763082010402e-05
830,1.3165529179993617e-06,0.0006220029204311696,1.2960904555591554e-05
831,1.3110254252647861e-06,0.0006210429667118505,1.2837127408888237e-05
832,1.3049305444561391e-06,0.0006265100217063579,1.3072475019437438e-05
833,1.3211358401478375e-06,0.0006222600194639911,1.304217713137825e-05
834,1.3291500113146678e-06,0.0006183944880543193,1.2980710371347394e-05
835,1.3087151033897975e-06,0.000621190427193176,1.2967140903850543e-05
836,1.3164354271024542e-06,0.000626911019460982,1.3215693717634858e-05
837,1.3439480484097325e-06,0.0006274300643108458,1.313340042072309e-05
838,1.3085894340778528e-06,0.0006110404369185359,1.2725132205202882e-05
839,1.2940613798164212e-06,0.0006129545406192136,1.2861255943078769e-05
840,1.3613079595499276e-06,0.000628090499398487,1.2812649302275798e-05
841,1.2977486621989911e-06,0.00061422532506363,1.2789566666394507e-05
842,1.3031443831397533e-06,0.0006194656372447115,1.2978802325136145e-05
843,1.3144793930018556e-06,0.0006221111545515829,1.2989116925297114e-05
844,1.3184687759368452e-06,0.0006255845746904284,1.330086643477298e-05
845,1.3328823602597953e-06,0.0006263031559681733,1.2801729493637626e-05
846,1.298568144123233e-06,0.0006246364599756421,1.3072275775500146e-05
847,1.3218329002716506e-06,0.0006167683028865786,1.2757998290021186e-05
848,1.3052488577611566e-06,0.0006207676573437582,1.3128728206766394e-05
849,1.3371510871252565e-06,0.0006248043782230549,1.2791742483947165e-05
850,1.3163917508204388e-06,0.0006248741631167096,1.2888022031033792e-05
851,1.311590284613068e-06,0.0006117697770656135,1.2754936174674691e-05
852,1.3238492698721515e-06,0.0006183220560977745,1.3098205527360136e-05
853,1.297836975632878e-06,0.0006189835088795142,1.2861445445142031e-05
854,1.2693713025991332e-06,0.0006116196366166212,1.2868551010516832e-05
855,1.3336545254138037e-06,0.0006245518439232271,1.289961255308432e-05
856,1.384087396179526e-06,0.0006327534782786881,1.2980803170678295e-05
857,1.3194631490537911e-06,0.000621647609344461,1.315188335519625e-05
858,1.3242566042941505e-06,0.0006217681217391992,1.2842225426435416e-05
859,1.3356291007375775e-06,0.0006238524879130926,1.2847204691596273e-05
860,1.3098832982951638e-06,0.0006200677141449515,1.2931455554797333e-05
861,1.3276567984787437e-06,0.0006276912817545687,1.317573057052541e-05
862,1.2802978981339028e-06,0.000615014420643964,1.311308540027603e-05
863,1.3055098671777051e-06,0.0006224328627733157,1.3076706429949817e-05
864,1.340875552038319e-06,0.0006273535694485114,1.316644567709697e-05
865,1.3906110398711437e-06,0.0006317429617111512,1.2862681458815338e-05
866,1.327145047058413e-06,0.0006221692618688234,1.2840713956274254e-05
867,1.3574235287768943e-06,0.0006349383822299942,1.3270944354362328e-05
868,1.323858170437166e-06,0.0006208079598195552,1.2732762353288037e-05
869,1.34622699931299e-06,0.000626829063558244,1.2981647886830533e-05
870,1.308508410806534e-06,0.0006239533105699659,1.3003369732580155e-05
871,1.3059380743869138e-06,0.0006150006533856967,1.2769024776447239e-05
872,1.3162471506975415e-06,0.0006204691746195894,1.2877189102111188e-05
873,1.2855764113307409e-06,0.0006215123175813076,1.290621833208157e-05
874,1.3222721455826919e-06,0.0006240636180362056,1.3253843598127008e-05
875,1.2845198007546536e-06,0.000617142635489951,1.2884646106450594e-05
876,1.302355524012729e-06,0.0006167252313476294,1.295774603171709e-05
877,1.347730779922636e-06,0.0006245230422848915,1.2740380647899943e-05
878,1.317932973911083e-06,0.000623020260761677,1.3041605584297607e-05
879,1.3004583981045348e-06,0.0006158284536389798,1.2949940865242564e-05
880,1.3131539798220205e-06,0.0006234012959130342,1.2835801339051798e-05
881,1.3456895088081452e-06,0.0006266908183853973,1.3088489621802385e-05
882,1.338478898913174e-06,0.000626922693853213,1.321098600050246e-05
883,1.347085821470388e-06,0.0006292365544386114,1.3117100385569306e-05
884,1.3192563159772484e-06,0.000628050555074671,1.3092522028226611e-05
885,1.313283440209288e-06,0.0006210386691594367,1.2972142989593128e-05
886,1.2823742754143462e-06,0.0006205412183169981,1.3068236387298176e-05
887,1.3549277087320693e-06,0.0006286870631017568,1.2938608295136435e-05
888,1.3142716990931645e-06,0.0006219692294529988,1.2789790873664829e-05
889,1.3335717231253419e-06,0.0006307830896872873,1.3117544994582883e-05
890,1.3314622371188843e-06,0.0006187370505874497,1.2661722230208295e-05
891,1.331038286651602e-06,0.0006248624883479896,1.3003584993402688e-05
892,1.355082974383944e-06,0.0006286694596313861,1.2902531655807755e-05
893,1.3141783565818256e-06,0.0006233000473096568,1.2706983511433209e-05
894,1.2897351104080088e-06,0.0006145548927924112,1.2745762111751195e-05
895,1.2521399242123342e-06,0.0006187040203120874,1.3248307385123034e-05
896,1.2998181025005703e-06,0.0006170413415847677,1.3005244493941896e-05
897,1.3125016446992625e-06,0.0006259346260053389,1.3027192370230545e-05
898,1.3309392293939446e-06,0.0006172325220908586,1.28068433392534e-05
899,1.2839101716444693e-06,0.0006211430648532244,1.2998931426518624e-05
900,1.3182544606246234e-06,0.0006215648841174759,1.2934995101504858e-05
901,1.270601343931432e-06,0.0006150355412927775,1.302514632742775e-05
902,1.3352315127874763e-06,0.0006239369905014526,1.2783021407938901e-05
903,1.34942827192566e-06,0.0006210341434747019,1.2884951903111968e-05
904,1.3417434491328564e-06,0.0006251454546751429,1.2920189358539269e-05
905,1.345727204250423e-06,0.0006214837648564278,1.2853494459570977e-05
906,1.3393730374906828e-06,0.000627224605303481,1.2870845039175549e-05
907,1.3109428753652571e-06,0.0006209470876455369,1.2869116778827302e-05
908,1.3237743135076095e-06,0.0006192307510097396,1.2943634300097928e-05
909,1.3549131210548524e-06,0.0006263884054940106,1.2904705220318793e-05
910,1.3187671322357563e-06,0.0006214150345482571,1.3015144266234745e-05
911,1.3018672236087945e-06,0.0006177181621782401,1.3012521135947528e-05
912,1.308606318572671e-06,0.0006265957109079703,1.2976024599909938e-05
913,1.3662547540141003e-06,0.0006249805906788881,1.2829018178426255e-05
914,1.3410422090387118e-06,0.0006260582596751128,1.286010451207601e-05
915,1.304162711717672e-06,0.0006262071745022793,1.3119672877354227e-05
916,1.3032601992781402e-06,0.0006186020517431613,1.2907244144453976e-05
917,1.33285460344242e-06,0.0006286208689415924,1.3206029899193473e-05
918,1.3442954537432345e-06,0.0006306514398794224,1.327568421906456e-05
919,1.3524883482957278e-06,0.000617620323586529,1.269900457026796e-05
920,1.3444576712402747e-06,0.0006300066770717915,1.317957839929222e-05
921,1.3528671745140454e-06,0.0006277097128375621,1.3072728037441315e-05
922,1.2975139790656428e-06,0.0006179976774408594,1.2807506968369618e-05
923,1.3571005795413417e-06,0.0006317675144206634,1.2912423299811769e-05
924,1.3342482635682358e-06,0.0006189117788173604,1.2882789340946819e-05
925,1.3516714959080053e-06,0.0006256326222712337,1.2983674436679802e-05
926,1.3040242015360297e-06,0.0006248963167977787,1.3258209980181911e-05
927,1.3185679027950706e-06,0.0006237802525247,1.2785930827537162e-05
928,1.3100987327031193e-06,0.0006267612998111094,1.3182292496260057e-05
929,1.36345395444089e-06,0.0006260050699386157,1.2895681607094508e-05
930,1.3660918190349755e-06,0.0006313525050266328,1.3084100590396295e-05
931,1.3613620011284645e-06,0.0006270593265450294,1.2853014495587999e-05
932,1.3063673803416731e-06,0.0006232828121792137,1.3030050766907702e-05
933,1.3121511484685686e-06,0.0006202484167819738,1.2860959300944334e-05
934,1.328201803713238e-06,0.0006168813668186059,1.2744404398845284e-05
935,1.3145445220483364e-06,0.0006204323864996469,1.3212553701846322e-05
936,1.3280522108272002e-06,0.0006231929339516469,1.2785071252858714e-05
937,1.343000202432127e-06,0.0006247424246538404,1.3006083206636072e-05
938,1.310989893943125e-06,0.0006249887553507776,1.2952049662175863e-05
939,1.308723001418246e-06,0.0006227216118211416,1.303005053024624e-05
940,1.3438429914272726e-06,0.000624419273048986,1.2971473056106892e-05
941,1.3311259450789323e-06,0.0006238494678840541,1.309814976782932e-05
942,1.3258882863582297e-06,0.0006218502790536187,1.3048161913138666e-05
943,1.3497162516525706e-06,0.0006268831962897094,1.2859515184114675e-05
944,1.3327524311527868e-06,0.0006220455522284888,1.2907842372837928e-05
945,1.3423373308461655e-06,0.0006274251148881821,1.2802307920623505e-05
946,1.3272649174615843e-06,0.0006205589051035254,1.2753753106733276e-05
947,1.3234462004501637e-06,0.0006244016568362509,1.2899422228787735e-05
948,1.336271815697904e-06,0.000625229613081094,1.2932044689063421e-05
949,1.3516244123455127e-06,0.0006319453722852555,1.3110310154145183e-05
950,1.303901934335195e-06,0.0006270602217745681,1.3208297096956157e-05
951,1.335442124838932e-06,0.0006227099001035646,1.2704229575716255e-05
952,1.3015165457218185e-06,0.0006188427049326311,1.2889809934323017e-05
953,1.2943713823403575e-06,0.0006138705873680151,1.2991699549026602e-05
954,1.3449535807693365e-06,0.000629729044341476,1.3006824832391007e-05
955,1.334635483838661e-06,0.0006241056638429863,1.2802634918536709e-05
956,1.334199900721531e-06,0.0006237945276473633,1.2911854482639451e-05
957,1.3605340785203593e-06,0.0006296978498332145,1.309639213583509e-05
958,1.28533216278043e-06,0.0006210578209489921,1.3080851205025695e-05
959,1.325467359059984e-06,0.0006236479836982604,1.2844976946453947e-05
960,1.308049241578199e-06,0.0006215940905168379,1.3039369849205639e-05
961,1.3123094833075705e-06,0.0006266631012283887,1.2946320162800581e-05
962,1.3142932135821364e-06,0.0006205787821016989,1.2970107843992603e-05
963,1.282057457558e-06,0.0006187543017195762,1.2953913199921668e-05
964,1.330406083384261e-06,0.0006200742953389769,1.305713963641181e-05
965,1.3179923914160102e-06,0.0006221403665233843,1.283097134970626e-05
966,1.3319115343587333e-06,0.0006222106662834609,1.3073564400390195e-05
967,1.2995001063114063e-06,0.0006170807229555974,1.2698171808655862e-05
968,1.3217591156754861e-06,0.0006270799726757827,1.3161492068738828e-05
969,1.3258140605701229e-06,0.000621008583370371,1.2928935881507747e-05
970,1.338086878462489e-06,0.0006174211883159349,1.2738506811615555e-05
971,1.3357198992075426e-06,0.0006237930459554138,1.2731745288141601e-05
972,1.334247438902991e-06,0.0006308115639116216,1.2944369608704896e-05
973,1.3409551990350601e-06,0.0006291402903044999,1.3028571216978345e-05
974,1.29579942178986e-06,0.0006176547485277624,1.2850996879138076e-05
975,1.320968663017866e-06,0.0006227514538630057,1.2951911993550357e-05
976,1.2961996977162248e-06,0.0006205548266522435,1.311508048926572e-05
977,1.3199097985183457e-06,0.0006173098767454602,1.2799239564194283e-05
978,1.3463421859856954e-06,0.0006168016643550216,1.2728158003521915e-05
979,1.3034367725140868e-06,0.000612468836601538,1.2716379475349128e-05
980,1.3151236890710106e-06,0.0006198019360075927,1.2904900621079293e-05
981,1.297282160948106e-06,0.0006174869017052236,1.3132844438420584e-05
982,1.3692322352475584e-06,0.0006258490737303702,1.2769747987119846e-05
983,1.2982447775056994e-06,0.0006201253616207126,1.2924995048202733e-05
984,1.3380277977320877e-06,0.0006262352409677987,1.3064474632268733e-05
985,1.2793421653536978e-06,0.0006136637623557498,1.2788982290833636e-05
986,1.2884905681705136e-06,0.0006172715808478668,1.3087048329792676e-05
987,1.2980541372175575e-06,0.0006209949075449647,1.2859114071653477e-05
988,1.3220039057844708e-06,0.0006226512709117389,1.300012971190428e-05
989,1.311050402204242e-06,0.000618030687310878,1.2795953046361797e-05
990,1.3293631502526738e-06,0.0006251935513569672,1.2949948805356937e-05
991,1.3122233493228426e-06,0.0006240361091839345,1.3247993325466767e-05
992,1.3276455052583088e-06,0.0006264532726094947,1.3081707862031097e-05
993,1.3061375249772455e-06,0.000619369324081777,1.2912539001016567e-05
994,1.3079846235758427e-06,0.0006210733980641447,1.2731665072635643e-05
995,1.3412880771031231e-06,0.0006243430218559737,1.2965714719995808e-05
996,1.3565504093926532e-06,0.0006259826618522374,1.296793775574899e-05
997,1.309794193323613e-06,0.000628594095014395,1.2988847786212963e-05
998,1.404875902783081e-06,0.0006365673506044893,1.2922991988099485e-05
999,1.2848725099127677e-06,0.0006189386797273792,1.2775983068860297e-05
